H2,28S_9606_HUMAN,409-430
H3,28S_9606_HUMAN,379-380
H4,28S_9606_HUMAN,337-353
H10,28S_9606_HUMAN,7-20
H10_4,28S_9606_HUMAN,1-6
H11,28S_9606_HUMAN,21-60
H12,28S_9606_HUMAN,61-75
H13,28S_9606_HUMAN,76-105
H14,28S_9606_HUMAN,106-111;330-336
H15,28S_9606_HUMAN,112-157
H16,28S_9606_HUMAN,158-171;269-278
H17,28S_9606_HUMAN,172-178;255-268
H18,28S_9606_HUMAN,179-197;243-254
H19,28S_9606_HUMAN,198-221
H19a,28S_9606_HUMAN,222-227
H20,28S_9606_HUMAN,228-242
H21,28S_9606_HUMAN,279-309
H22,28S_9606_HUMAN,310-329
H23,28S_9606_HUMAN,354-378
H24,28S_9606_HUMAN,381-408
H25,28S_9606_HUMAN,431-451;1296-1312
H25_7a,28S_9606_HUMAN,452-702;
H25_7b,28S_9606_HUMAN,703-955;1285-1295
H25_7c,28S_9606_HUMAN,956-981;1273-1284
H25_7d,28S_9606_HUMAN,982-1071;
H25_7e,28S_9606_HUMAN,1072-1100;1167-1221;1234-1238
H25_7f,28S_9606_HUMAN,1101-1166;
H25_7g,28S_9606_HUMAN,1222-1233;
H25_7h,28S_9606_HUMAN,1239-1272;
H26,28S_9606_HUMAN,1330-1337;2346-2356
H26a,28S_9606_HUMAN,2357-2365;3857-3864
H27,28S_9606_HUMAN,1338-1353;1503-1518
H28,28S_9606_HUMAN,1354-1358;1379-1385
H28_8,28S_9606_HUMAN,1359-1378
H29,28S_9606_HUMAN,1386-1396
H30,28S_9606_HUMAN,1420-1428;1456-1465
H30_9a,28S_9606_HUMAN,1397-1419
H30_9b,28S_9606_HUMAN,1429-1455
H31,28S_9606_HUMAN,1466-1475;1490-1502
H31_9,28S_9606_HUMAN,1476-1489
H32,28S_9606_HUMAN,1519-1531;1641-1658
H33,28S_9606_HUMAN,1532-1546;1612-1623
H34,28S_9606_HUMAN,1547-1582
H35,28S_9606_HUMAN,1583-1611
H35a,28S_9606_HUMAN,1624-1640
H36,28S_9606_HUMAN,1659-1670;2279-2288
H37,28S_9606_HUMAN,1671-1684
H38,28S_9606_HUMAN,1685-1694;1722-1749;1781-1802;1836-1852
H38a,28S_9606_HUMAN,1750-1780
H38_12,28S_9606_HUMAN,1803-1835
H38_10,28S_9606_HUMAN,1695-1721
H39,28S_9606_HUMAN,1853-1881
H40,28S_9606_HUMAN,1882-1898
H41,28S_9606_HUMAN,1899-1938;2045-2077
H42,28S_9606_HUMAN,1939-1969;2017-2044
H43,28S_9606_HUMAN,1970-1995
H43a,28S_9606_HUMAN,1996-2000
H44,28S_9606_HUMAN,2001-2016
H45,28S_9606_HUMAN,2078-2087;2270-2278
H45_15,28S_9606_HUMAN,2128-2246
H45_15a,28S_9606_HUMAN,2088-2127;2247-2269
H46,28S_9606_HUMAN,2290-2345
H47,28S_9606_HUMAN,2366-2389
H48,28S_9606_HUMAN,2390-2398;2820-2827
H49,28S_9606_HUMAN,2399-2402;2802-2805
H49a,28S_9606_HUMAN,2787-2801
H49b,28S_9606_HUMAN,2403-2408;2783-2786
H50,28S_9606_HUMAN,2409-2434
H51,28S_9606_HUMAN,2435-2443;2778-2782
H52,28S_9606_HUMAN,2444-2468;2508-2515
H52_19,28S_9606_HUMAN,2469-2507
H53,28S_9606_HUMAN,2516-2536
H54,28S_9606_HUMAN,2537-2551;2757-2777
H54_20a,28S_9606_HUMAN,2552-2575
H54_20b,28S_9606_HUMAN,2576-2585
H55,28S_9606_HUMAN,2586-2601;2743-2756
H55a,28S_9606_HUMAN,2738-2742
H56,28S_9606_HUMAN,2602-2618;2719-2737
H57,28S_9606_HUMAN,2619-2637
H58,28S_9606_HUMAN,2638-2697
H59,28S_9606_HUMAN,2699-2718
H60,28S_9606_HUMAN,2806-2819
H61,28S_9606_HUMAN,2828-2859;3837-3856
H62,28S_9606_HUMAN,2860-2887
H63,28S_9606_HUMAN,2888-2910;3584-3613
H63a,28S_9606_HUMAN,3614-3618
H63_27a,28S_9606_HUMAN,2911-3379
H63_27b,28S_9606_HUMAN,3380-3583
H64,28S_9606_HUMAN,3619-3635;3824-3836
H65,28S_9606_HUMAN,3636-3652
H66,28S_9606_HUMAN,3653-3690
H67,28S_9606_HUMAN,3691-3697;3817-3823
H68,28S_9606_HUMAN,3698-3752
H69,28S_9606_HUMAN,3753-3771
H70,28S_9606_HUMAN,3772-3776
H71,28S_9606_HUMAN,3777-3816
H72,28S_9606_HUMAN,3865-3888
H73,28S_9606_HUMAN,3889-3903;4557-4571
H74,28S_9606_HUMAN,3904-3922;4377-4397
H75,28S_9606_HUMAN,3923-3937;4173-4190
H76,28S_9606_HUMAN,3938-3956;4056-4074
H77,28S_9606_HUMAN,3957-3972;4045-4055
H78,28S_9606_HUMAN,3973-3983;4031-4044
H78_30,28S_9606_HUMAN,3984-4017
H78_30a,28S_9606_HUMAN,4018-4030
H79,28S_9606_HUMAN,4075-4082;4163-4172
H79_31,28S_9606_HUMAN,4083-4093;4158-4162
H79_31a,28S_9606_HUMAN,4094-4114
H79_31b,28S_9606_HUMAN,4128-4157
H79_31c,28S_9606_HUMAN,4115-4127
H80,28S_9606_HUMAN,4191-4204
H81,28S_9606_HUMAN,4205-4227
H82,28S_9606_HUMAN,4228-4232;4329-4336
H83,28S_9606_HUMAN,4233-4242;4279-4290
H84,28S_9606_HUMAN,4243-4268
H85,28S_9606_HUMAN,4269-4278
H86,28S_9606_HUMAN,4291-4318
H87,28S_9606_HUMAN,4319-4328
H88,28S_9606_HUMAN,4337-4376
H89,28S_9606_HUMAN,4398-4448
H90,28S_9606_HUMAN,4449-4463;4514-4532
H91,28S_9606_HUMAN,4464-4492
H92,28S_9606_HUMAN,4493-4507
H92a,28S_9606_HUMAN,4508-4513
H93,28S_9606_HUMAN,4533-4556
H94,28S_9606_HUMAN,4573-4588;4714-4728
H95,28S_9606_HUMAN,4589-4620
H96,28S_9606_HUMAN,4621-4676
H97,28S_9606_HUMAN,4677-4713
H98,28S_9606_HUMAN,4729-4745;4955-4965
H98_39,28S_9606_HUMAN,4746-4752;4942-4954
H98_39a,28S_9606_HUMAN,4753-4874
H98_39b,28S_9606_HUMAN,4875-4941
H99,28S_9606_HUMAN,4966-4970;5063-5070
H100,28S_9606_HUMAN,4971-4987
H101,28S_9606_HUMAN,4988-5014;5035-5062
H101_41,28S_9606_HUMAN,5015-5034