resNum,resName,DataCol,DataDescription
5.8S:1,A,6000,This is an example of the user-supplied data. This dataset graduallly colors ribosomal nucleotides in a rainbow scheme.
5.8S:2,A,5999,
5.8S:3,C,5998,
5.8S:4,U,5997,
5.8S:5,C,5996,
5.8S:6,U,5995,
5.8S:7,A,5994,
5.8S:8,A,5993,
5.8S:9,G,5992,
5.8S:10,C,5991,
5.8S:11,G,5990,
5.8S:12,G,5989,
5.8S:13,U,5988,
5.8S:14,G,5987,
5.8S:15,G,5986,
5.8S:16,A,5985,
5.8S:17,U,5984,
5.8S:18,C,5983,
5.8S:19,A,5982,
5.8S:20,C,5981,
5.8S:21,U,5980,
5.8S:22,C,5979,
5.8S:23,G,5978,
5.8S:24,G,5977,
5.8S:25,C,5976,
5.8S:26,U,5975,
5.8S:27,C,5974,
5.8S:28,A,5973,
5.8S:29,U,5972,
5.8S:30,G,5971,
5.8S:31,G,5970,
5.8S:32,G,5969,
5.8S:33,U,5968,
5.8S:34,C,5967,
5.8S:35,G,5966,
5.8S:36,A,5965,
5.8S:37,U,5964,
5.8S:38,G,5963,
5.8S:39,A,5962,
5.8S:40,A,5961,
5.8S:41,G,5960,
5.8S:42,A,5959,
5.8S:43,A,5958,
5.8S:44,C,5957,
5.8S:45,G,5956,
5.8S:46,C,5955,
5.8S:47,A,5954,
5.8S:48,G,5953,
5.8S:49,C,5952,
5.8S:50,A,5951,
5.8S:51,A,5950,
5.8S:52,A,5949,
5.8S:53,C,5948,
5.8S:54,U,5947,
5.8S:55,G,5946,
5.8S:56,U,5945,
5.8S:57,G,5944,
5.8S:58,C,5943,
5.8S:59,G,5942,
5.8S:60,U,5941,
5.8S:61,C,5940,
5.8S:62,A,5939,
5.8S:63,U,5938,
5.8S:64,C,5937,
5.8S:65,G,5936,
5.8S:66,U,5935,
5.8S:67,G,5934,
5.8S:68,U,5933,
5.8S:69,G,5932,
5.8S:70,A,5931,
5.8S:71,A,5930,
5.8S:72,C,5929,
5.8S:73,U,5928,
5.8S:74,G,5927,
5.8S:75,C,5926,
5.8S:76,A,5925,
5.8S:77,G,5924,
5.8S:78,G,5923,
5.8S:79,A,5922,
5.8S:80,C,5921,
5.8S:81,A,5920,
5.8S:82,C,5919,
5.8S:83,A,5918,
5.8S:84,U,5917,
5.8S:85,G,5916,
5.8S:86,A,5915,
5.8S:87,A,5914,
5.8S:88,C,5913,
5.8S:89,A,5912,
5.8S:90,U,5911,
5.8S:91,C,5910,
5.8S:92,G,5909,
5.8S:93,A,5908,
5.8S:94,C,5907,
5.8S:95,A,5906,
5.8S:96,U,5905,
5.8S:97,U,5904,
5.8S:98,U,5903,
5.8S:99,U,5902,
5.8S:100,G,5901,
5.8S:101,A,5900,
5.8S:102,A,5899,
5.8S:103,C,5898,
5.8S:104,G,5897,
5.8S:105,C,5896,
5.8S:106,A,5895,
5.8S:107,U,5894,
5.8S:108,A,5893,
5.8S:109,U,5892,
5.8S:110,C,5891,
5.8S:111,G,5890,
5.8S:112,C,5889,
5.8S:113,A,5888,
5.8S:114,G,5887,
5.8S:115,U,5886,
5.8S:116,C,5885,
5.8S:117,C,5884,
5.8S:118,A,5883,
5.8S:119,U,5882,
5.8S:120,G,5881,
5.8S:121,C,5880,
5.8S:122,U,5879,
5.8S:123,G,5878,
2S:1,U,5877,
2S:2,G,5876,
2S:3,C,5875,
2S:4,U,5874,
2S:5,U,5873,
2S:6,G,5872,
2S:7,G,5871,
2S:8,A,5870,
2S:9,C,5869,
2S:10,U,5868,
2S:11,A,5867,
2S:12,C,5866,
2S:13,A,5865,
2S:14,U,5864,
2S:15,A,5863,
2S:16,U,5862,
2S:17,G,5861,
2S:18,G,5860,
2S:19,U,5859,
2S:20,U,5858,
2S:21,G,5857,
2S:22,A,5856,
2S:23,G,5855,
2S:24,G,5854,
2S:25,G,5853,
2S:26,U,5852,
2S:27,U,5851,
2S:28,G,5850,
2S:29,U,5849,
2S:30,A,5848,
28S:1,U,5847,
28S:2,U,5846,
28S:3,A,5845,
28S:4,U,5844,
28S:5,A,5843,
28S:6,U,5842,
28S:7,A,5841,
28S:8,C,5840,
28S:9,A,5839,
28S:10,A,5838,
28S:11,C,5837,
28S:12,C,5836,
28S:13,U,5835,
28S:14,C,5834,
28S:15,A,5833,
28S:16,A,5832,
28S:17,C,5831,
28S:18,U,5830,
28S:19,C,5829,
28S:20,A,5828,
28S:21,U,5827,
28S:22,A,5826,
28S:23,U,5825,
28S:24,G,5824,
28S:25,G,5823,
28S:26,G,5822,
28S:27,A,5821,
28S:28,C,5820,
28S:29,U,5819,
28S:30,A,5818,
28S:31,C,5817,
28S:32,C,5816,
28S:33,C,5815,
28S:34,C,5814,
28S:35,C,5813,
28S:36,U,5812,
28S:37,G,5811,
28S:38,A,5810,
28S:39,A,5809,
28S:40,U,5808,
28S:41,U,5807,
28S:42,U,5806,
28S:43,A,5805,
28S:44,A,5804,
28S:45,G,5803,
28S:46,C,5802,
28S:47,A,5801,
28S:48,U,5800,
28S:49,A,5799,
28S:50,U,5798,
28S:51,U,5797,
28S:52,A,5796,
28S:53,A,5795,
28S:54,U,5794,
28S:55,U,5793,
28S:56,A,5792,
28S:57,G,5791,
28S:58,G,5790,
28S:59,G,5789,
28S:60,G,5788,
28S:61,A,5787,
28S:62,G,5786,
28S:63,G,5785,
28S:64,A,5784,
28S:65,A,5783,
28S:66,A,5782,
28S:67,A,5781,
28S:68,G,5780,
28S:69,A,5779,
28S:70,A,5778,
28S:71,A,5777,
28S:72,C,5776,
28S:73,U,5775,
28S:74,A,5774,
28S:75,A,5773,
28S:76,C,5772,
28S:77,A,5771,
28S:78,A,5770,
28S:79,G,5769,
28S:80,G,5768,
28S:81,A,5767,
28S:82,U,5766,
28S:83,U,5765,
28S:84,U,5764,
28S:85,U,5763,
28S:86,C,5762,
28S:87,U,5761,
28S:88,U,5760,
28S:89,A,5759,
28S:90,G,5758,
28S:91,U,5757,
28S:92,A,5756,
28S:93,G,5755,
28S:94,C,5754,
28S:95,G,5753,
28S:96,G,5752,
28S:97,C,5751,
28S:98,G,5750,
28S:99,A,5749,
28S:100,G,5748,
28S:101,C,5747,
28S:102,G,5746,
28S:103,A,5745,
28S:104,A,5744,
28S:105,A,5743,
28S:106,A,5742,
28S:107,G,5741,
28S:108,A,5740,
28S:109,A,5739,
28S:110,A,5738,
28S:111,A,5737,
28S:112,C,5736,
28S:113,A,5735,
28S:114,G,5734,
28S:115,U,5733,
28S:116,U,5732,
28S:117,C,5731,
28S:118,A,5730,
28S:119,G,5729,
28S:120,C,5728,
28S:121,A,5727,
28S:122,C,5726,
28S:123,U,5725,
28S:124,A,5724,
28S:125,A,5723,
28S:126,G,5722,
28S:127,U,5721,
28S:128,C,5720,
28S:129,A,5719,
28S:130,C,5718,
28S:131,U,5717,
28S:132,U,5716,
28S:133,U,5715,
28S:134,G,5714,
28S:135,U,5713,
28S:136,C,5712,
28S:137,U,5711,
28S:138,A,5710,
28S:139,U,5709,
28S:140,A,5708,
28S:141,U,5707,
28S:142,G,5706,
28S:143,G,5705,
28S:144,C,5704,
28S:145,A,5703,
28S:146,A,5702,
28S:147,A,5701,
28S:148,U,5700,
28S:149,G,5699,
28S:150,U,5698,
28S:151,G,5697,
28S:152,A,5696,
28S:153,G,5695,
28S:154,A,5694,
28S:155,U,5693,
28S:156,G,5692,
28S:157,C,5691,
28S:158,A,5690,
28S:159,G,5689,
28S:160,U,5688,
28S:161,G,5687,
28S:162,U,5686,
28S:163,A,5685,
28S:164,U,5684,
28S:165,G,5683,
28S:166,G,5682,
28S:167,A,5681,
28S:168,G,5680,
28S:169,C,5679,
28S:170,G,5678,
28S:171,U,5677,
28S:172,C,5676,
28S:173,A,5675,
28S:174,A,5674,
28S:175,U,5673,
28S:176,A,5672,
28S:177,U,5671,
28S:178,U,5670,
28S:179,C,5669,
28S:180,U,5668,
28S:181,A,5667,
28S:182,G,5666,
28S:183,U,5665,
28S:184,A,5664,
28S:185,U,5663,
28S:186,G,5662,
28S:187,A,5661,
28S:188,G,5660,
28S:189,A,5659,
28S:190,A,5658,
28S:191,A,5657,
28S:192,U,5656,
28S:193,U,5655,
28S:194,A,5654,
28S:195,A,5653,
28S:196,C,5652,
28S:197,G,5651,
28S:198,A,5650,
28S:199,U,5649,
28S:200,U,5648,
28S:201,U,5647,
28S:202,A,5646,
28S:203,A,5645,
28S:204,G,5644,
28S:205,U,5643,
28S:206,C,5642,
28S:207,C,5641,
28S:208,U,5640,
28S:209,U,5639,
28S:210,C,5638,
28S:211,U,5637,
28S:212,U,5636,
28S:213,A,5635,
28S:214,A,5634,
28S:215,A,5633,
28S:216,U,5632,
28S:217,G,5631,
28S:218,A,5630,
28S:219,G,5629,
28S:220,G,5628,
28S:221,C,5627,
28S:222,C,5626,
28S:223,A,5625,
28S:224,U,5624,
28S:225,U,5623,
28S:226,U,5622,
28S:227,A,5621,
28S:228,C,5620,
28S:229,C,5619,
28S:230,C,5618,
28S:231,A,5617,
28S:232,U,5616,
28S:233,A,5615,
28S:234,G,5614,
28S:235,A,5613,
28S:236,G,5612,
28S:237,G,5611,
28S:238,G,5610,
28S:239,U,5609,
28S:240,G,5608,
28S:241,C,5607,
28S:242,C,5606,
28S:243,A,5605,
28S:244,G,5604,
28S:245,G,5603,
28S:246,C,5602,
28S:247,C,5601,
28S:248,C,5600,
28S:249,G,5599,
28S:250,U,5598,
28S:251,A,5597,
28S:252,U,5596,
28S:253,A,5595,
28S:254,A,5594,
28S:255,C,5593,
28S:256,G,5592,
28S:257,U,5591,
28S:258,U,5590,
28S:259,A,5589,
28S:260,A,5588,
28S:261,U,5587,
28S:262,G,5586,
28S:263,A,5585,
28S:264,U,5584,
28S:265,U,5583,
28S:266,A,5582,
28S:267,C,5581,
28S:268,U,5580,
28S:269,A,5579,
28S:270,G,5578,
28S:271,A,5577,
28S:272,U,5576,
28S:273,G,5575,
28S:274,A,5574,
28S:275,U,5573,
28S:276,G,5572,
28S:277,U,5571,
28S:278,U,5570,
28S:279,U,5569,
28S:280,C,5568,
28S:281,C,5567,
28S:282,A,5566,
28S:283,A,5565,
28S:284,A,5564,
28S:285,G,5563,
28S:286,A,5562,
28S:287,G,5561,
28S:288,U,5560,
28S:289,C,5559,
28S:290,G,5558,
28S:291,U,5557,
28S:292,G,5556,
28S:293,U,5555,
28S:294,U,5554,
28S:295,G,5553,
28S:296,C,5552,
28S:297,U,5551,
28S:298,U,5550,
28S:299,G,5549,
28S:300,A,5548,
28S:301,U,5547,
28S:302,A,5546,
28S:303,G,5545,
28S:304,U,5544,
28S:305,G,5543,
28S:306,C,5542,
28S:307,A,5541,
28S:308,G,5540,
28S:309,C,5539,
28S:310,A,5538,
28S:311,C,5537,
28S:312,U,5536,
28S:313,A,5535,
28S:314,A,5534,
28S:315,G,5533,
28S:316,U,5532,
28S:317,G,5531,
28S:318,G,5530,
28S:319,G,5529,
28S:320,U,5528,
28S:321,G,5527,
28S:322,G,5526,
28S:323,U,5525,
28S:324,A,5524,
28S:325,A,5523,
28S:326,A,5522,
28S:327,C,5521,
28S:328,U,5520,
28S:329,C,5519,
28S:330,C,5518,
28S:331,A,5517,
28S:332,U,5516,
28S:333,C,5515,
28S:334,U,5514,
28S:335,A,5513,
28S:336,A,5512,
28S:337,A,5511,
28S:338,A,5510,
28S:339,C,5509,
28S:340,U,5508,
28S:341,A,5507,
28S:342,A,5506,
28S:343,A,5505,
28S:344,U,5504,
28S:345,A,5503,
28S:346,U,5502,
28S:347,A,5501,
28S:348,A,5500,
28S:349,C,5499,
28S:350,C,5498,
28S:351,A,5497,
28S:352,U,5496,
28S:353,G,5495,
28S:354,A,5494,
28S:355,G,5493,
28S:356,A,5492,
28S:357,C,5491,
28S:358,C,5490,
28S:359,G,5489,
28S:360,A,5488,
28S:361,U,5487,
28S:362,A,5486,
28S:363,G,5485,
28S:364,U,5484,
28S:365,A,5483,
28S:366,A,5482,
28S:367,A,5481,
28S:368,C,5480,
28S:369,A,5479,
28S:370,A,5478,
28S:371,G,5477,
28S:372,U,5476,
28S:373,A,5475,
28S:374,C,5474,
28S:375,C,5473,
28S:376,G,5472,
28S:377,U,5471,
28S:378,G,5470,
28S:379,A,5469,
28S:380,G,5468,
28S:381,G,5467,
28S:382,G,5466,
28S:383,A,5465,
28S:384,A,5464,
28S:385,A,5463,
28S:386,G,5462,
28S:387,U,5461,
28S:388,U,5460,
28S:389,G,5459,
28S:390,A,5458,
28S:391,A,5457,
28S:392,A,5456,
28S:393,A,5455,
28S:394,G,5454,
28S:395,A,5453,
28S:396,A,5452,
28S:397,C,5451,
28S:398,U,5450,
28S:399,C,5449,
28S:400,U,5448,
28S:401,G,5447,
28S:402,A,5446,
28S:403,A,5445,
28S:404,U,5444,
28S:405,A,5443,
28S:406,G,5442,
28S:407,A,5441,
28S:408,G,5440,
28S:409,A,5439,
28S:410,G,5438,
28S:411,U,5437,
28S:412,U,5436,
28S:413,A,5435,
28S:414,A,5434,
28S:415,A,5433,
28S:416,C,5432,
28S:417,A,5431,
28S:418,G,5430,
28S:419,U,5429,
28S:420,A,5428,
28S:421,C,5427,
28S:422,G,5426,
28S:423,U,5425,
28S:424,G,5424,
28S:425,A,5423,
28S:426,A,5422,
28S:427,A,5421,
28S:428,C,5420,
28S:429,U,5419,
28S:430,G,5418,
28S:431,C,5417,
28S:432,U,5416,
28S:433,U,5415,
28S:434,A,5414,
28S:435,G,5413,
28S:436,A,5412,
28S:437,G,5411,
28S:438,G,5410,
28S:439,U,5409,
28S:440,U,5408,
28S:441,A,5407,
28S:442,A,5406,
28S:443,G,5405,
28S:444,C,5404,
28S:445,C,5403,
28S:446,C,5402,
28S:447,G,5401,
28S:448,A,5400,
28S:449,U,5399,
28S:450,G,5398,
28S:451,A,5397,
28S:452,A,5396,
28S:453,C,5395,
28S:454,C,5394,
28S:455,U,5393,
28S:456,G,5392,
28S:457,A,5391,
28S:458,A,5390,
28S:459,U,5389,
28S:460,A,5388,
28S:461,U,5387,
28S:462,C,5386,
28S:463,C,5385,
28S:464,G,5384,
28S:465,U,5383,
28S:466,U,5382,
28S:467,A,5381,
28S:468,U,5380,
28S:469,G,5379,
28S:470,G,5378,
28S:471,A,5377,
28S:472,A,5376,
28S:473,A,5375,
28S:474,A,5374,
28S:475,U,5373,
28S:476,U,5372,
28S:477,C,5371,
28S:478,A,5370,
28S:479,U,5369,
28S:480,C,5368,
28S:481,A,5367,
28S:482,U,5366,
28S:483,U,5365,
28S:484,A,5364,
28S:485,A,5363,
28S:486,A,5362,
28S:487,A,5361,
28S:488,U,5360,
28S:489,U,5359,
28S:490,G,5358,
28S:491,U,5357,
28S:492,A,5356,
28S:493,A,5355,
28S:494,U,5354,
28S:495,A,5353,
28S:496,U,5352,
28S:497,U,5351,
28S:498,U,5350,
28S:499,A,5349,
28S:500,A,5348,
28S:501,A,5347,
28S:502,U,5346,
28S:503,A,5345,
28S:504,A,5344,
28S:505,U,5343,
28S:506,A,5342,
28S:507,U,5341,
28S:508,U,5340,
28S:509,A,5339,
28S:510,U,5338,
28S:511,G,5337,
28S:512,A,5336,
28S:513,G,5335,
28S:514,A,5334,
28S:515,A,5333,
28S:516,U,5332,
28S:517,A,5331,
28S:518,G,5330,
28S:519,U,5329,
28S:520,G,5328,
28S:521,U,5327,
28S:522,G,5326,
28S:523,C,5325,
28S:524,A,5324,
28S:525,U,5323,
28S:526,U,5322,
28S:527,U,5321,
28S:528,U,5320,
28S:529,U,5319,
28S:530,U,5318,
28S:531,C,5317,
28S:532,C,5316,
28S:533,A,5315,
28S:534,U,5314,
28S:535,A,5313,
28S:536,U,5312,
28S:537,A,5311,
28S:538,A,5310,
28S:539,G,5309,
28S:540,G,5308,
28S:541,A,5307,
28S:542,C,5306,
28S:543,A,5305,
28S:544,U,5304,
28S:545,U,5303,
28S:546,G,5302,
28S:547,U,5301,
28S:548,A,5300,
28S:549,A,5299,
28S:550,U,5298,
28S:551,C,5297,
28S:552,U,5296,
28S:553,A,5295,
28S:554,U,5294,
28S:555,U,5293,
28S:556,A,5292,
28S:557,G,5291,
28S:558,C,5290,
28S:559,A,5289,
28S:560,U,5288,
28S:561,A,5287,
28S:562,U,5286,
28S:563,A,5285,
28S:564,C,5284,
28S:565,C,5283,
28S:566,A,5282,
28S:567,A,5281,
28S:568,A,5280,
28S:569,U,5279,
28S:570,U,5278,
28S:571,U,5277,
28S:572,A,5276,
28S:573,U,5275,
28S:574,C,5274,
28S:575,A,5273,
28S:576,U,5272,
28S:577,A,5271,
28S:578,A,5270,
28S:579,A,5269,
28S:580,A,5268,
28S:581,U,5267,
28S:582,A,5266,
28S:583,U,5265,
28S:584,A,5264,
28S:585,A,5263,
28S:586,C,5262,
28S:587,U,5261,
28S:588,U,5260,
28S:589,A,5259,
28S:590,U,5258,
28S:591,A,5257,
28S:592,G,5256,
28S:593,U,5255,
28S:594,U,5254,
28S:595,U,5253,
28S:596,A,5252,
28S:597,U,5251,
28S:598,U,5250,
28S:599,C,5249,
28S:600,C,5248,
28S:601,A,5247,
28S:602,A,5246,
28S:603,U,5245,
28S:604,U,5244,
28S:605,A,5243,
28S:606,A,5242,
28S:607,A,5241,
28S:608,U,5240,
28S:609,U,5239,
28S:610,G,5238,
28S:611,C,5237,
28S:612,U,5236,
28S:613,U,5235,
28S:614,G,5234,
28S:615,C,5233,
28S:616,A,5232,
28S:617,U,5231,
28S:618,U,5230,
28S:619,U,5229,
28S:620,U,5228,
28S:621,A,5227,
28S:622,A,5226,
28S:623,C,5225,
28S:624,A,5224,
28S:625,C,5223,
28S:626,A,5222,
28S:627,G,5221,
28S:628,A,5220,
28S:629,A,5219,
28S:630,U,5218,
28S:631,A,5217,
28S:632,A,5216,
28S:633,A,5215,
28S:634,U,5214,
28S:635,G,5213,
28S:636,U,5212,
28S:637,U,5211,
28S:638,A,5210,
28S:639,U,5209,
28S:640,U,5208,
28S:641,A,5207,
28S:642,A,5206,
28S:643,U,5205,
28S:644,U,5204,
28S:645,U,5203,
28S:646,G,5202,
28S:647,A,5201,
28S:648,U,5200,
28S:649,A,5199,
28S:650,A,5198,
28S:651,A,5197,
28S:652,G,5196,
28S:653,U,5195,
28S:654,G,5194,
28S:655,C,5193,
28S:656,U,5192,
28S:657,G,5191,
28S:658,A,5190,
28S:659,U,5189,
28S:660,A,5188,
28S:661,G,5187,
28S:662,A,5186,
28S:663,U,5185,
28S:664,U,5184,
28S:665,U,5183,
28S:666,A,5182,
28S:667,U,5181,
28S:668,A,5180,
28S:669,U,5179,
28S:670,G,5178,
28S:671,A,5177,
28S:672,U,5176,
28S:673,U,5175,
28S:674,A,5174,
28S:675,C,5173,
28S:676,A,5172,
28S:677,G,5171,
28S:678,U,5170,
28S:679,G,5169,
28S:680,C,5168,
28S:681,G,5167,
28S:682,U,5166,
28S:683,U,5165,
28S:684,A,5164,
28S:685,A,5163,
28S:686,U,5162,
28S:687,U,5161,
28S:688,U,5160,
28S:689,U,5159,
28S:690,U,5158,
28S:691,C,5157,
28S:692,G,5156,
28S:693,G,5155,
28S:694,A,5154,
28S:695,A,5153,
28S:696,U,5152,
28S:697,U,5151,
28S:698,A,5150,
28S:699,U,5149,
28S:700,A,5148,
28S:701,U,5147,
28S:702,A,5146,
28S:703,A,5145,
28S:704,U,5144,
28S:705,G,5143,
28S:706,G,5142,
28S:707,C,5141,
28S:708,A,5140,
28S:709,U,5139,
28S:710,A,5138,
28S:711,A,5137,
28S:712,U,5136,
28S:713,U,5135,
28S:714,A,5134,
28S:715,U,5133,
28S:716,C,5132,
28S:717,A,5131,
28S:718,U,5130,
28S:719,U,5129,
28S:720,G,5128,
28S:721,A,5127,
28S:722,U,5126,
28S:723,U,5125,
28S:724,U,5124,
28S:725,U,5123,
28S:726,U,5122,
28S:727,G,5121,
28S:728,U,5120,
28S:729,G,5119,
28S:730,U,5118,
28S:731,U,5117,
28S:732,U,5116,
28S:733,A,5115,
28S:734,U,5114,
28S:735,U,5113,
28S:736,A,5112,
28S:737,U,5111,
28S:738,A,5110,
28S:739,U,5109,
28S:740,G,5108,
28S:741,C,5107,
28S:742,A,5106,
28S:743,C,5105,
28S:744,U,5104,
28S:745,U,5103,
28S:746,G,5102,
28S:747,U,5101,
28S:748,A,5100,
28S:749,U,5099,
28S:750,G,5098,
28S:751,A,5097,
28S:752,U,5096,
28S:753,U,5095,
28S:754,A,5094,
28S:755,A,5093,
28S:756,C,5092,
28S:757,A,5091,
28S:758,A,5090,
28S:759,U,5089,
28S:760,G,5088,
28S:761,C,5087,
28S:762,G,5086,
28S:763,A,5085,
28S:764,A,5084,
28S:765,A,5083,
28S:766,G,5082,
28S:767,A,5081,
28S:768,U,5080,
28S:769,U,5079,
28S:770,C,5078,
28S:771,A,5077,
28S:772,G,5076,
28S:773,G,5075,
28S:774,A,5074,
28S:775,U,5073,
28S:776,A,5072,
28S:777,C,5071,
28S:778,C,5070,
28S:779,U,5069,
28S:780,U,5068,
28S:781,C,5067,
28S:782,G,5066,
28S:783,G,5065,
28S:784,G,5064,
28S:785,A,5063,
28S:786,C,5062,
28S:787,C,5061,
28S:788,C,5060,
28S:789,G,5059,
28S:790,U,5058,
28S:791,C,5057,
28S:792,U,5056,
28S:793,U,5055,
28S:794,G,5054,
28S:795,A,5053,
28S:796,A,5052,
28S:797,A,5051,
28S:798,C,5050,
28S:799,A,5049,
28S:800,C,5048,
28S:801,G,5047,
28S:802,G,5046,
28S:803,A,5045,
28S:804,C,5044,
28S:805,C,5043,
28S:806,A,5042,
28S:807,A,5041,
28S:808,G,5040,
28S:809,G,5039,
28S:810,A,5038,
28S:811,G,5037,
28S:812,U,5036,
28S:813,C,5035,
28S:814,U,5034,
28S:815,A,5033,
28S:816,A,5032,
28S:817,C,5031,
28S:818,A,5030,
28S:819,U,5029,
28S:820,A,5028,
28S:821,U,5027,
28S:822,G,5026,
28S:823,U,5025,
28S:824,G,5024,
28S:825,C,5023,
28S:826,A,5022,
28S:827,A,5021,
28S:828,G,5020,
28S:829,U,5019,
28S:830,U,5018,
28S:831,A,5017,
28S:832,U,5016,
28S:833,U,5015,
28S:834,G,5014,
28S:835,G,5013,
28S:836,G,5012,
28S:837,A,5011,
28S:838,U,5010,
28S:839,A,5009,
28S:840,U,5008,
28S:841,A,5007,
28S:842,A,5006,
28S:843,A,5005,
28S:844,C,5004,
28S:845,C,5003,
28S:846,U,5002,
28S:847,A,5001,
28S:848,A,5000,
28S:849,U,4999,
28S:850,A,4998,
28S:851,G,4997,
28S:852,C,4996,
28S:853,G,4995,
28S:854,U,4994,
28S:855,A,4993,
28S:856,A,4992,
28S:857,U,4991,
28S:858,U,4990,
28S:859,A,4989,
28S:860,A,4988,
28S:861,C,4987,
28S:862,U,4986,
28S:863,U,4985,
28S:864,G,4984,
28S:865,A,4983,
28S:866,C,4982,
28S:867,U,4981,
28S:868,A,4980,
28S:869,A,4979,
28S:870,U,4978,
28S:871,A,4977,
28S:872,A,4976,
28S:873,U,4975,
28S:874,G,4974,
28S:875,G,4973,
28S:876,G,4972,
28S:877,A,4971,
28S:878,U,4970,
28S:879,U,4969,
28S:880,A,4968,
28S:881,G,4967,
28S:882,U,4966,
28S:883,U,4965,
28S:884,U,4964,
28S:885,U,4963,
28S:886,U,4962,
28S:887,U,4961,
28S:888,A,4960,
28S:889,G,4959,
28S:890,C,4958,
28S:891,U,4957,
28S:892,A,4956,
28S:893,U,4955,
28S:894,U,4954,
28S:895,U,4953,
28S:896,A,4952,
28S:897,U,4951,
28S:898,A,4950,
28S:899,G,4949,
28S:900,C,4948,
28S:901,U,4947,
28S:902,A,4946,
28S:903,A,4945,
28S:904,U,4944,
28S:905,U,4943,
28S:906,A,4942,
28S:907,A,4941,
28S:908,C,4940,
28S:909,A,4939,
28S:910,C,4938,
28S:911,A,4937,
28S:912,A,4936,
28S:913,U,4935,
28S:914,C,4934,
28S:915,C,4933,
28S:916,C,4932,
28S:917,G,4931,
28S:918,G,4930,
28S:919,G,4929,
28S:920,G,4928,
28S:921,C,4927,
28S:922,G,4926,
28S:923,U,4925,
28S:924,U,4924,
28S:925,C,4923,
28S:926,U,4922,
28S:927,A,4921,
28S:928,U,4920,
28S:929,A,4919,
28S:930,U,4918,
28S:931,A,4917,
28S:932,G,4916,
28S:933,U,4915,
28S:934,U,4914,
28S:935,A,4913,
28S:936,U,4912,
28S:937,G,4911,
28S:938,U,4910,
28S:939,A,4909,
28S:940,U,4908,
28S:941,A,4907,
28S:942,A,4906,
28S:943,U,4905,
28S:944,G,4904,
28S:945,U,4903,
28S:946,A,4902,
28S:947,U,4901,
28S:948,A,4900,
28S:949,U,4899,
28S:950,U,4898,
28S:951,U,4897,
28S:952,A,4896,
28S:953,U,4895,
28S:954,A,4894,
28S:955,U,4893,
28S:956,U,4892,
28S:957,A,4891,
28S:958,U,4890,
28S:959,U,4889,
28S:960,U,4888,
28S:961,A,4887,
28S:962,U,4886,
28S:963,G,4885,
28S:964,C,4884,
28S:965,C,4883,
28S:966,U,4882,
28S:967,C,4881,
28S:968,U,4880,
28S:969,A,4879,
28S:970,A,4878,
28S:971,C,4877,
28S:972,U,4876,
28S:973,G,4875,
28S:974,G,4874,
28S:975,A,4873,
28S:976,A,4872,
28S:977,C,4871,
28S:978,G,4870,
28S:979,U,4869,
28S:980,A,4868,
28S:981,C,4867,
28S:982,C,4866,
28S:983,U,4865,
28S:984,U,4864,
28S:985,G,4863,
28S:986,A,4862,
28S:987,G,4861,
28S:988,C,4860,
28S:989,A,4859,
28S:990,U,4858,
28S:991,A,4857,
28S:992,U,4856,
28S:993,A,4855,
28S:994,U,4854,
28S:995,G,4853,
28S:996,C,4852,
28S:997,U,4851,
28S:998,G,4850,
28S:999,U,4849,
28S:1000,G,4848,
28S:1001,A,4847,
28S:1002,C,4846,
28S:1003,C,4845,
28S:1004,C,4844,
28S:1005,G,4843,
28S:1006,A,4842,
28S:1007,A,4841,
28S:1008,A,4840,
28S:1009,G,4839,
28S:1010,A,4838,
28S:1011,U,4837,
28S:1012,G,4836,
28S:1013,G,4835,
28S:1014,U,4834,
28S:1015,G,4833,
28S:1016,A,4832,
28S:1017,A,4831,
28S:1018,C,4830,
28S:1019,U,4829,
28S:1020,A,4828,
28S:1021,U,4827,
28S:1022,A,4826,
28S:1023,C,4825,
28S:1024,U,4824,
28S:1025,U,4823,
28S:1026,G,4822,
28S:1027,A,4821,
28S:1028,U,4820,
28S:1029,C,4819,
28S:1030,A,4818,
28S:1031,G,4817,
28S:1032,G,4816,
28S:1033,U,4815,
28S:1034,U,4814,
28S:1035,G,4813,
28S:1036,A,4812,
28S:1037,A,4811,
28S:1038,G,4810,
28S:1039,U,4809,
28S:1040,C,4808,
28S:1041,A,4807,
28S:1042,G,4806,
28S:1043,G,4805,
28S:1044,G,4804,
28S:1045,G,4803,
28S:1046,A,4802,
28S:1047,A,4801,
28S:1048,A,4800,
28S:1049,C,4799,
28S:1050,C,4798,
28S:1051,C,4797,
28S:1052,U,4796,
28S:1053,G,4795,
28S:1054,A,4794,
28S:1055,U,4793,
28S:1056,G,4792,
28S:1057,G,4791,
28S:1058,A,4790,
28S:1059,A,4789,
28S:1060,G,4788,
28S:1061,A,4787,
28S:1062,C,4786,
28S:1063,C,4785,
28S:1064,G,4784,
28S:1065,A,4783,
28S:1066,A,4782,
28S:1067,A,4781,
28S:1068,C,4780,
28S:1069,A,4779,
28S:1070,G,4778,
28S:1071,U,4777,
28S:1072,U,4776,
28S:1073,C,4775,
28S:1074,U,4774,
28S:1075,G,4773,
28S:1076,A,4772,
28S:1077,C,4771,
28S:1078,G,4770,
28S:1079,U,4769,
28S:1080,G,4768,
28S:1081,C,4767,
28S:1082,A,4766,
28S:1083,A,4765,
28S:1084,A,4764,
28S:1085,U,4763,
28S:1086,C,4762,
28S:1087,G,4761,
28S:1088,A,4760,
28S:1089,U,4759,
28S:1090,U,4758,
28S:1091,G,4757,
28S:1092,U,4756,
28S:1093,C,4755,
28S:1094,A,4754,
28S:1095,G,4753,
28S:1096,A,4752,
28S:1097,A,4751,
28S:1098,U,4750,
28S:1099,U,4749,
28S:1100,G,4748,
28S:1101,A,4747,
28S:1102,G,4746,
28S:1103,U,4745,
28S:1104,A,4744,
28S:1105,U,4743,
28S:1106,A,4742,
28S:1107,G,4741,
28S:1108,G,4740,
28S:1109,G,4739,
28S:1110,G,4738,
28S:1111,C,4737,
28S:1112,G,4736,
28S:1113,A,4735,
28S:1114,A,4734,
28S:1115,A,4733,
28S:1116,G,4732,
28S:1117,A,4731,
28S:1118,C,4730,
28S:1119,C,4729,
28S:1120,A,4728,
28S:1121,A,4727,
28S:1122,U,4726,
28S:1123,C,4725,
28S:1124,G,4724,
28S:1125,A,4723,
28S:1126,A,4722,
28S:1127,C,4721,
28S:1128,C,4720,
28S:1129,A,4719,
28S:1130,U,4718,
28S:1131,C,4717,
28S:1132,U,4716,
28S:1133,A,4715,
28S:1134,G,4714,
28S:1135,U,4713,
28S:1136,A,4712,
28S:1137,G,4711,
28S:1138,C,4710,
28S:1139,U,4709,
28S:1140,G,4708,
28S:1141,G,4707,
28S:1142,U,4706,
28S:1143,U,4705,
28S:1144,C,4704,
28S:1145,C,4703,
28S:1146,U,4702,
28S:1147,U,4701,
28S:1148,C,4700,
28S:1149,C,4699,
28S:1150,G,4698,
28S:1151,A,4697,
28S:1152,A,4696,
28S:1153,G,4695,
28S:1154,U,4694,
28S:1155,U,4693,
28S:1156,U,4692,
28S:1157,C,4691,
28S:1158,C,4690,
28S:1159,C,4689,
28S:1160,U,4688,
28S:1161,C,4687,
28S:1162,A,4686,
28S:1163,G,4685,
28S:1164,G,4684,
28S:1165,A,4683,
28S:1166,U,4682,
28S:1167,A,4681,
28S:1168,G,4680,
28S:1169,C,4679,
28S:1170,U,4678,
28S:1171,G,4677,
28S:1172,G,4676,
28S:1173,U,4675,
28S:1174,G,4674,
28S:1175,C,4673,
28S:1176,A,4672,
28S:1177,U,4671,
28S:1178,U,4670,
28S:1179,U,4669,
28S:1180,U,4668,
28S:1181,A,4667,
28S:1182,A,4666,
28S:1183,U,4665,
28S:1184,A,4664,
28S:1185,U,4663,
28S:1186,U,4662,
28S:1187,A,4661,
28S:1188,U,4660,
28S:1189,A,4659,
28S:1190,U,4658,
28S:1191,A,4657,
28S:1192,A,4656,
28S:1193,A,4655,
28S:1194,A,4654,
28S:1195,U,4653,
28S:1196,A,4652,
28S:1197,A,4651,
28S:1198,U,4650,
28S:1199,C,4649,
28S:1200,U,4648,
28S:1201,U,4647,
28S:1202,A,4646,
28S:1203,U,4645,
28S:1204,C,4644,
28S:1205,U,4643,
28S:1206,G,4642,
28S:1207,G,4641,
28S:1208,U,4640,
28S:1209,A,4639,
28S:1210,A,4638,
28S:1211,A,4637,
28S:1212,G,4636,
28S:1213,C,4635,
28S:1214,G,4634,
28S:1215,A,4633,
28S:1216,A,4632,
28S:1217,U,4631,
28S:1218,G,4630,
28S:1219,A,4629,
28S:1220,U,4628,
28S:1221,U,4627,
28S:1222,A,4626,
28S:1223,G,4625,
28S:1224,A,4624,
28S:1225,G,4623,
28S:1226,G,4622,
28S:1227,C,4621,
28S:1228,C,4620,
28S:1229,U,4619,
28S:1230,U,4618,
28S:1231,A,4617,
28S:1232,G,4616,
28S:1233,G,4615,
28S:1234,G,4614,
28S:1235,U,4613,
28S:1236,C,4612,
28S:1237,G,4611,
28S:1238,A,4610,
28S:1239,A,4609,
28S:1240,A,4608,
28S:1241,C,4607,
28S:1242,G,4606,
28S:1243,A,4605,
28S:1244,U,4604,
28S:1245,C,4603,
28S:1246,U,4602,
28S:1247,U,4601,
28S:1248,A,4600,
28S:1249,A,4599,
28S:1250,C,4598,
28S:1251,C,4597,
28S:1252,U,4596,
28S:1253,A,4595,
28S:1254,U,4594,
28S:1255,U,4593,
28S:1256,C,4592,
28S:1257,U,4591,
28S:1258,C,4590,
28S:1259,A,4589,
28S:1260,A,4588,
28S:1261,A,4587,
28S:1262,C,4586,
28S:1263,U,4585,
28S:1264,U,4584,
28S:1265,U,4583,
28S:1266,A,4582,
28S:1267,A,4581,
28S:1268,A,4580,
28S:1269,U,4579,
28S:1270,G,4578,
28S:1271,G,4577,
28S:1272,G,4576,
28S:1273,U,4575,
28S:1274,A,4574,
28S:1275,A,4573,
28S:1276,G,4572,
28S:1277,A,4571,
28S:1278,A,4570,
28S:1279,C,4569,
28S:1280,C,4568,
28S:1281,U,4567,
28S:1282,U,4566,
28S:1283,A,4565,
28S:1284,A,4564,
28S:1285,C,4563,
28S:1286,U,4562,
28S:1287,U,4561,
28S:1288,U,4560,
28S:1289,C,4559,
28S:1290,U,4558,
28S:1291,U,4557,
28S:1292,G,4556,
28S:1293,A,4555,
28S:1294,U,4554,
28S:1295,A,4553,
28S:1296,U,4552,
28S:1297,G,4551,
28S:1298,A,4550,
28S:1299,A,4549,
28S:1300,G,4548,
28S:1301,A,4547,
28S:1302,U,4546,
28S:1303,C,4545,
28S:1304,A,4544,
28S:1305,A,4543,
28S:1306,G,4542,
28S:1307,G,4541,
28S:1308,U,4540,
28S:1309,U,4539,
28S:1310,A,4538,
28S:1311,U,4537,
28S:1312,G,4536,
28S:1313,A,4535,
28S:1314,U,4534,
28S:1315,A,4533,
28S:1316,U,4532,
28S:1317,A,4531,
28S:1318,A,4530,
28S:1319,A,4529,
28S:1320,U,4528,
28S:1321,G,4527,
28S:1322,U,4526,
28S:1323,C,4525,
28S:1324,C,4524,
28S:1325,C,4523,
28S:1326,A,4522,
28S:1327,G,4521,
28S:1328,U,4520,
28S:1329,G,4519,
28S:1330,G,4518,
28S:1331,G,4517,
28S:1332,C,4516,
28S:1333,C,4515,
28S:1334,A,4514,
28S:1335,C,4513,
28S:1336,U,4512,
28S:1337,U,4511,
28S:1338,U,4510,
28S:1339,U,4509,
28S:1340,G,4508,
28S:1341,G,4507,
28S:1342,U,4506,
28S:1343,A,4505,
28S:1344,A,4504,
28S:1345,G,4503,
28S:1346,C,4502,
28S:1347,A,4501,
28S:1348,G,4500,
28S:1349,A,4499,
28S:1350,A,4498,
28S:1351,C,4497,
28S:1352,U,4496,
28S:1353,G,4495,
28S:1354,G,4494,
28S:1355,C,4493,
28S:1356,G,4492,
28S:1357,C,4491,
28S:1358,U,4490,
28S:1359,G,4489,
28S:1360,U,4488,
28S:1361,G,4487,
28S:1362,G,4486,
28S:1363,G,4485,
28S:1364,A,4484,
28S:1365,U,4483,
28S:1366,G,4482,
28S:1367,A,4481,
28S:1368,A,4480,
28S:1369,C,4479,
28S:1370,C,4478,
28S:1371,A,4477,
28S:1372,A,4476,
28S:1373,A,4475,
28S:1374,C,4474,
28S:1375,G,4473,
28S:1376,U,4472,
28S:1377,A,4471,
28S:1378,A,4470,
28S:1379,U,4469,
28S:1380,G,4468,
28S:1381,U,4467,
28S:1382,U,4466,
28S:1383,A,4465,
28S:1384,C,4464,
28S:1385,G,4463,
28S:1386,U,4462,
28S:1387,G,4461,
28S:1388,C,4460,
28S:1389,C,4459,
28S:1390,C,4458,
28S:1391,A,4457,
28S:1392,A,4456,
28S:1393,A,4455,
28S:1394,U,4454,
28S:1395,U,4453,
28S:1396,A,4452,
28S:1397,A,4451,
28S:1398,C,4450,
28S:1399,A,4449,
28S:1400,A,4448,
28S:1401,C,4447,
28S:1402,U,4446,
28S:1403,C,4445,
28S:1404,A,4444,
28S:1405,U,4443,
28S:1406,G,4442,
28S:1407,C,4441,
28S:1408,A,4440,
28S:1409,G,4439,
28S:1410,A,4438,
28S:1411,U,4437,
28S:1412,A,4436,
28S:1413,C,4435,
28S:1414,C,4434,
28S:1415,A,4433,
28S:1416,U,4432,
28S:1417,G,4431,
28S:1418,A,4430,
28S:1419,A,4429,
28S:1420,A,4428,
28S:1421,G,4427,
28S:1422,G,4426,
28S:1423,C,4425,
28S:1424,G,4424,
28S:1425,U,4423,
28S:1426,U,4422,
28S:1427,G,4421,
28S:1428,G,4420,
28S:1429,U,4419,
28S:1430,U,4418,
28S:1431,G,4417,
28S:1432,C,4416,
28S:1433,U,4415,
28S:1434,U,4414,
28S:1435,A,4413,
28S:1436,A,4412,
28S:1437,A,4411,
28S:1438,A,4410,
28S:1439,C,4409,
28S:1440,A,4408,
28S:1441,G,4407,
28S:1442,C,4406,
28S:1443,A,4405,
28S:1444,G,4404,
28S:1445,G,4403,
28S:1446,A,4402,
28S:1447,C,4401,
28S:1448,G,4400,
28S:1449,G,4399,
28S:1450,U,4398,
28S:1451,G,4397,
28S:1452,A,4396,
28S:1453,U,4395,
28S:1454,C,4394,
28S:1455,A,4393,
28S:1456,U,4392,
28S:1457,G,4391,
28S:1458,G,4390,
28S:1459,A,4389,
28S:1460,A,4388,
28S:1461,G,4387,
28S:1462,U,4386,
28S:1463,C,4385,
28S:1464,G,4384,
28S:1465,A,4383,
28S:1466,A,4382,
28S:1467,A,4381,
28S:1468,U,4380,
28S:1469,C,4379,
28S:1470,C,4378,
28S:1471,G,4377,
28S:1472,C,4376,
28S:1473,U,4375,
28S:1474,A,4374,
28S:1475,A,4373,
28S:1476,G,4372,
28S:1477,G,4371,
28S:1478,A,4370,
28S:1479,G,4369,
28S:1480,U,4368,
28S:1481,G,4367,
28S:1482,U,4366,
28S:1483,G,4365,
28S:1484,U,4364,
28S:1485,A,4363,
28S:1486,A,4362,
28S:1487,C,4361,
28S:1488,A,4360,
28S:1489,A,4359,
28S:1490,C,4358,
28S:1491,U,4357,
28S:1492,C,4356,
28S:1493,A,4355,
28S:1494,C,4354,
28S:1495,C,4353,
28S:1496,U,4352,
28S:1497,G,4351,
28S:1498,C,4350,
28S:1499,C,4349,
28S:1500,G,4348,
28S:1501,A,4347,
28S:1502,A,4346,
28S:1503,G,4345,
28S:1504,C,4344,
28S:1505,A,4343,
28S:1506,A,4342,
28S:1507,C,4341,
28S:1508,U,4340,
28S:1509,A,4339,
28S:1510,G,4338,
28S:1511,C,4337,
28S:1512,C,4336,
28S:1513,C,4335,
28S:1514,U,4334,
28S:1515,U,4333,
28S:1516,A,4332,
28S:1517,A,4331,
28S:1518,A,4330,
28S:1519,A,4329,
28S:1520,U,4328,
28S:1521,G,4327,
28S:1522,G,4326,
28S:1523,A,4325,
28S:1524,U,4324,
28S:1525,G,4323,
28S:1526,G,4322,
28S:1527,C,4321,
28S:1528,G,4320,
28S:1529,C,4319,
28S:1530,U,4318,
28S:1531,U,4317,
28S:1532,A,4316,
28S:1533,A,4315,
28S:1534,G,4314,
28S:1535,U,4313,
28S:1536,U,4312,
28S:1537,G,4311,
28S:1538,U,4310,
28S:1539,A,4309,
28S:1540,U,4308,
28S:1541,A,4307,
28S:1542,C,4306,
28S:1543,C,4305,
28S:1544,U,4304,
28S:1545,A,4303,
28S:1546,U,4302,
28S:1547,A,4301,
28S:1548,C,4300,
28S:1549,A,4299,
28S:1550,U,4298,
28S:1551,U,4297,
28S:1552,A,4296,
28S:1553,C,4295,
28S:1554,C,4294,
28S:1555,G,4293,
28S:1556,C,4292,
28S:1557,U,4291,
28S:1558,A,4290,
28S:1559,A,4289,
28S:1560,A,4288,
28S:1561,G,4287,
28S:1562,U,4286,
28S:1563,A,4285,
28S:1564,G,4284,
28S:1565,A,4283,
28S:1566,U,4282,
28S:1567,G,4281,
28S:1568,A,4280,
28S:1569,U,4279,
28S:1570,U,4278,
28S:1571,U,4277,
28S:1572,A,4276,
28S:1573,U,4275,
28S:1574,A,4274,
28S:1575,U,4273,
28S:1576,U,4272,
28S:1577,A,4271,
28S:1578,C,4270,
28S:1579,U,4269,
28S:1580,U,4268,
28S:1581,G,4267,
28S:1582,U,4266,
28S:1583,G,4265,
28S:1584,A,4264,
28S:1585,U,4263,
28S:1586,A,4262,
28S:1587,U,4261,
28S:1588,A,4260,
28S:1589,A,4259,
28S:1590,A,4258,
28S:1591,U,4257,
28S:1592,U,4256,
28S:1593,U,4255,
28S:1594,U,4254,
28S:1595,G,4253,
28S:1596,A,4252,
28S:1597,A,4251,
28S:1598,A,4250,
28S:1599,C,4249,
28S:1600,U,4248,
28S:1601,U,4247,
28S:1602,U,4246,
28S:1603,A,4245,
28S:1604,G,4244,
28S:1605,U,4243,
28S:1606,G,4242,
28S:1607,A,4241,
28S:1608,G,4240,
28S:1609,U,4239,
28S:1610,A,4238,
28S:1611,G,4237,
28S:1612,G,4236,
28S:1613,A,4235,
28S:1614,A,4234,
28S:1615,G,4233,
28S:1616,G,4232,
28S:1617,U,4231,
28S:1618,A,4230,
28S:1619,C,4229,
28S:1620,A,4228,
28S:1621,A,4227,
28S:1622,U,4226,
28S:1623,G,4225,
28S:1624,G,4224,
28S:1625,U,4223,
28S:1626,A,4222,
28S:1627,U,4221,
28S:1628,G,4220,
28S:1629,C,4219,
28S:1630,G,4218,
28S:1631,U,4217,
28S:1632,A,4216,
28S:1633,G,4215,
28S:1634,A,4214,
28S:1635,A,4213,
28S:1636,G,4212,
28S:1637,U,4211,
28S:1638,G,4210,
28S:1639,U,4209,
28S:1640,U,4208,
28S:1641,U,4207,
28S:1642,G,4206,
28S:1643,G,4205,
28S:1644,C,4204,
28S:1645,G,4203,
28S:1646,U,4202,
28S:1647,A,4201,
28S:1648,A,4200,
28S:1649,G,4199,
28S:1650,C,4198,
28S:1651,C,4197,
28S:1652,U,4196,
28S:1653,G,4195,
28S:1654,C,4194,
28S:1655,A,4193,
28S:1656,U,4192,
28S:1657,G,4191,
28S:1658,G,4190,
28S:1659,A,4189,
28S:1660,G,4188,
28S:1661,C,4187,
28S:1662,U,4186,
28S:1663,G,4185,
28S:1664,C,4184,
28S:1665,C,4183,
28S:1666,A,4182,
28S:1667,U,4181,
28S:1668,U,4180,
28S:1669,G,4179,
28S:1670,G,4178,
28S:1671,U,4177,
28S:1672,A,4176,
28S:1673,C,4175,
28S:1674,A,4174,
28S:1675,G,4173,
28S:1676,A,4172,
28S:1677,U,4171,
28S:1678,C,4170,
28S:1679,U,4169,
28S:1680,U,4168,
28S:1681,G,4167,
28S:1682,G,4166,
28S:1683,U,4165,
28S:1684,G,4164,
28S:1685,G,4163,
28S:1686,A,4162,
28S:1687,U,4161,
28S:1688,A,4160,
28S:1689,G,4159,
28S:1690,U,4158,
28S:1691,A,4157,
28S:1692,G,4156,
28S:1693,C,4155,
28S:1694,A,4154,
28S:1695,A,4153,
28S:1696,A,4152,
28S:1697,U,4151,
28S:1698,A,4150,
28S:1699,A,4149,
28S:1700,U,4148,
28S:1701,C,4147,
28S:1702,G,4146,
28S:1703,A,4145,
28S:1704,A,4144,
28S:1705,U,4143,
28S:1706,G,4142,
28S:1707,A,4141,
28S:1708,G,4140,
28S:1709,A,4139,
28S:1710,G,4138,
28S:1711,C,4137,
28S:1712,C,4136,
28S:1713,U,4135,
28S:1714,U,4134,
28S:1715,G,4133,
28S:1716,G,4132,
28S:1717,A,4131,
28S:1718,G,4130,
28S:1719,G,4129,
28S:1720,A,4128,
28S:1721,C,4127,
28S:1722,U,4126,
28S:1723,G,4125,
28S:1724,A,4124,
28S:1725,A,4123,
28S:1726,G,4122,
28S:1727,U,4121,
28S:1728,G,4120,
28S:1729,G,4119,
28S:1730,A,4118,
28S:1731,G,4117,
28S:1732,A,4116,
28S:1733,A,4115,
28S:1734,G,4114,
28S:1735,G,4113,
28S:1736,G,4112,
28S:1737,U,4111,
28S:1738,U,4110,
28S:1739,U,4109,
28S:1740,C,4108,
28S:1741,G,4107,
28S:1742,U,4106,
28S:1743,G,4105,
28S:1744,U,4104,
28S:1745,G,4103,
28S:1746,A,4102,
28S:1747,A,4101,
28S:1748,C,4100,
28S:1749,A,4099,
28S:1750,G,4098,
28S:1751,U,4097,
28S:1752,G,4096,
28S:1753,G,4095,
28S:1754,U,4094,
28S:1755,U,4093,
28S:1756,G,4092,
28S:1757,A,4091,
28S:1758,U,4090,
28S:1759,C,4089,
28S:1760,A,4088,
28S:1761,C,4087,
28S:1762,G,4086,
28S:1763,A,4085,
28S:1764,G,4084,
28S:1765,U,4083,
28S:1766,U,4082,
28S:1767,A,4081,
28S:1768,G,4080,
28S:1769,U,4079,
28S:1770,C,4078,
28S:1771,G,4077,
28S:1772,G,4076,
28S:1773,U,4075,
28S:1774,C,4074,
28S:1775,C,4073,
28S:1776,U,4072,
28S:1777,A,4071,
28S:1778,A,4070,
28S:1779,G,4069,
28S:1780,U,4068,
28S:1781,U,4067,
28S:1782,C,4066,
28S:1783,A,4065,
28S:1784,A,4064,
28S:1785,G,4063,
28S:1786,G,4062,
28S:1787,C,4061,
28S:1788,G,4060,
28S:1789,A,4059,
28S:1790,A,4058,
28S:1791,A,4057,
28S:1792,G,4056,
28S:1793,C,4055,
28S:1794,G,4054,
28S:1795,A,4053,
28S:1796,A,4052,
28S:1797,A,4051,
28S:1798,A,4050,
28S:1799,U,4049,
28S:1800,U,4048,
28S:1801,U,4047,
28S:1802,U,4046,
28S:1803,C,4045,
28S:1804,A,4044,
28S:1805,A,4043,
28S:1806,G,4042,
28S:1807,U,4041,
28S:1808,A,4040,
28S:1809,A,4039,
28S:1810,A,4038,
28S:1811,A,4037,
28S:1812,C,4036,
28S:1813,A,4035,
28S:1859,U,4034,
28S:1860,A,4033,
28S:1861,A,4032,
28S:1862,U,4031,
28S:1863,U,4030,
28S:1864,U,4029,
28S:1865,U,4028,
28S:1866,G,4027,
28S:1867,A,4026,
28S:1868,A,4025,
28S:1869,C,4024,
28S:1870,G,4023,
28S:1871,A,4022,
28S:1872,A,4021,
28S:1873,A,4020,
28S:1874,G,4019,
28S:1875,G,4018,
28S:1876,G,4017,
28S:1877,A,4016,
28S:1878,A,4015,
28S:1879,U,4014,
28S:1880,A,4013,
28S:1881,C,4012,
28S:1882,G,4011,
28S:1883,G,4010,
28S:1884,U,4009,
28S:1885,U,4008,
28S:1886,C,4007,
28S:1887,C,4006,
28S:1888,A,4005,
28S:1889,A,4004,
28S:1890,U,4003,
28S:1891,U,4002,
28S:1892,C,4001,
28S:1893,C,4000,
28S:1894,G,3999,
28S:1895,U,3998,
28S:1896,A,3997,
28S:1897,A,3996,
28S:1898,C,3995,
28S:1899,C,3994,
28S:1900,U,3993,
28S:1901,G,3992,
28S:1902,U,3991,
28S:1903,U,3990,
28S:1904,G,3989,
28S:1905,A,3988,
28S:1906,G,3987,
28S:1907,U,3986,
28S:1908,A,3985,
28S:1909,U,3984,
28S:1910,C,3983,
28S:1911,C,3982,
28S:1912,G,3981,
28S:1913,U,3980,
28S:1914,U,3979,
28S:1915,U,3978,
28S:1916,G,3977,
28S:1917,U,3976,
28S:1918,U,3975,
28S:1919,A,3974,
28S:1920,U,3973,
28S:1921,U,3972,
28S:1922,A,3971,
28S:1923,A,3970,
28S:1924,A,3969,
28S:1925,U,3968,
28S:1926,A,3967,
28S:1927,U,3966,
28S:1928,G,3965,
28S:1929,G,3964,
28S:1930,G,3963,
28S:1931,C,3962,
28S:1932,C,3961,
28S:1933,U,3960,
28S:1934,C,3959,
28S:1935,G,3958,
28S:1936,U,3957,
28S:1937,G,3956,
28S:1938,C,3955,
28S:1939,U,3954,
28S:1940,C,3953,
28S:1941,A,3952,
28S:1942,U,3951,
28S:1943,C,3950,
28S:1944,C,3949,
28S:1945,U,3948,
28S:1946,G,3947,
28S:1947,G,3946,
28S:1948,C,3945,
28S:1949,A,3944,
28S:1950,A,3943,
28S:1951,C,3942,
28S:1952,A,3941,
28S:1953,G,3940,
28S:1954,G,3939,
28S:1955,A,3938,
28S:1956,A,3937,
28S:1957,C,3936,
28S:1958,G,3935,
28S:1959,A,3934,
28S:1960,C,3933,
28S:1961,C,3932,
28S:1962,A,3931,
28S:1963,U,3930,
28S:1964,A,3929,
28S:1965,A,3928,
28S:1966,A,3927,
28S:1967,G,3926,
28S:1968,A,3925,
28S:1969,A,3924,
28S:1970,G,3923,
28S:1971,C,3922,
28S:1972,C,3921,
28S:1973,G,3920,
28S:1974,U,3919,
28S:1975,C,3918,
28S:1976,G,3917,
28S:1977,A,3916,
28S:1978,G,3915,
28S:1979,A,3914,
28S:1980,G,3913,
28S:1981,A,3912,
28S:1982,U,3911,
28S:1983,A,3910,
28S:1984,U,3909,
28S:1985,C,3908,
28S:1986,G,3907,
28S:1987,G,3906,
28S:1988,A,3905,
28S:1989,A,3904,
28S:1990,G,3903,
28S:1991,A,3902,
28S:1992,G,3901,
28S:1993,U,3900,
28S:1994,U,3899,
28S:1995,U,3898,
28S:1996,U,3897,
28S:1997,C,3896,
28S:1998,U,3895,
28S:1999,U,3894,
28S:2000,U,3893,
28S:2001,U,3892,
28S:2002,C,3891,
28S:2003,U,3890,
28S:2004,G,3889,
28S:2005,U,3888,
28S:2006,U,3887,
28S:2007,U,3886,
28S:2008,U,3885,
28S:2009,A,3884,
28S:2010,U,3883,
28S:2011,A,3882,
28S:2012,G,3881,
28S:2013,C,3880,
28S:2014,C,3879,
28S:2015,G,3878,
28S:2016,U,3877,
28S:2017,A,3876,
28S:2018,C,3875,
28S:2019,U,3874,
28S:2020,A,3873,
28S:2021,C,3872,
28S:2022,C,3871,
28S:2023,A,3870,
28S:2024,U,3869,
28S:2025,G,3868,
28S:2026,G,3867,
28S:2027,A,3866,
28S:2028,A,3865,
28S:2029,G,3864,
28S:2030,U,3863,
28S:2031,C,3862,
28S:2032,U,3861,
28S:2033,U,3860,
28S:2034,U,3859,
28S:2035,C,3858,
28S:2036,G,3857,
28S:2037,C,3856,
28S:2038,A,3855,
28S:2039,G,3854,
28S:2040,A,3853,
28S:2041,G,3852,
28S:2042,A,3851,
28S:2043,G,3850,
28S:2044,A,3849,
28S:2045,U,3848,
28S:2046,A,3847,
28S:2047,U,3846,
28S:2048,G,3845,
28S:2049,G,3844,
28S:2050,U,3843,
28S:2051,A,3842,
28S:2052,G,3841,
28S:2053,A,3840,
28S:2054,U,3839,
28S:2055,G,3838,
28S:2056,G,3837,
28S:2057,G,3836,
28S:2058,C,3835,
28S:2059,U,3834,
28S:2060,A,3833,
28S:2061,G,3832,
28S:2062,A,3831,
28S:2063,A,3830,
28S:2064,G,3829,
28S:2065,A,3828,
28S:2066,G,3827,
28S:2067,C,3826,
28S:2068,A,3825,
28S:2069,U,3824,
28S:2070,G,3823,
28S:2071,A,3822,
28S:2072,C,3821,
28S:2073,A,3820,
28S:2074,U,3819,
28S:2075,A,3818,
28S:2076,U,3817,
28S:2077,A,3816,
28S:2078,C,3815,
28S:2079,U,3814,
28S:2080,G,3813,
28S:2081,U,3812,
28S:2082,U,3811,
28S:2083,G,3810,
28S:2084,U,3809,
28S:2085,G,3808,
28S:2086,U,3807,
28S:2087,C,3806,
28S:2088,G,3805,
28S:2089,A,3804,
28S:2090,U,3803,
28S:2091,A,3802,
28S:2092,U,3801,
28S:2093,U,3800,
28S:2094,U,3799,
28S:2095,U,3798,
28S:2096,C,3797,
28S:2097,U,3796,
28S:2098,C,3795,
28S:2099,C,3794,
28S:2100,U,3793,
28S:2101,C,3792,
28S:2102,G,3791,
28S:2103,G,3790,
28S:2104,A,3789,
28S:2105,C,3788,
28S:2106,C,3787,
28S:2107,U,3786,
28S:2108,U,3785,
28S:2109,G,3784,
28S:2110,A,3783,
28S:2111,A,3782,
28S:2112,A,3781,
28S:2113,A,3780,
28S:2114,U,3779,
28S:2115,U,3778,
28S:2116,U,3777,
28S:2117,A,3776,
28S:2118,U,3775,
28S:2119,G,3774,
28S:2120,G,3773,
28S:2121,U,3772,
28S:2122,G,3771,
28S:2123,G,3770,
28S:2124,G,3769,
28S:2125,G,3768,
28S:2126,A,3767,
28S:2127,C,3766,
28S:2128,A,3765,
28S:2129,C,3764,
28S:2130,G,3763,
28S:2131,C,3762,
28S:2132,A,3761,
28S:2133,A,3760,
28S:2134,A,3759,
28S:2135,C,3758,
28S:2136,U,3757,
28S:2137,U,3756,
28S:2138,C,3755,
28S:2139,U,3754,
28S:2140,C,3753,
28S:2141,A,3752,
28S:2142,A,3751,
28S:2143,C,3750,
28S:2144,A,3749,
28S:2145,G,3748,
28S:2146,G,3747,
28S:2147,C,3746,
28S:2148,C,3745,
28S:2149,G,3744,
28S:2150,U,3743,
28S:2151,A,3742,
28S:2152,C,3741,
28S:2153,C,3740,
28S:2154,A,3739,
28S:2155,A,3738,
28S:2156,U,3737,
28S:2157,A,3736,
28S:2158,U,3735,
28S:2159,C,3734,
28S:2160,C,3733,
28S:2161,G,3732,
28S:2162,C,3731,
28S:2163,A,3730,
28S:2164,G,3729,
28S:2165,C,3728,
28S:2166,U,3727,
28S:2167,G,3726,
28S:2168,G,3725,
28S:2169,U,3724,
28S:2170,C,3723,
28S:2171,U,3722,
28S:2172,C,3721,
28S:2173,C,3720,
28S:2174,A,3719,
28S:2175,A,3718,
28S:2176,G,3717,
28S:2177,G,3716,
28S:2178,U,3715,
28S:2179,G,3714,
28S:2180,A,3713,
28S:2181,A,3712,
28S:2182,G,3711,
28S:2183,A,3710,
28S:2184,G,3709,
28S:2185,U,3708,
28S:2186,C,3707,
28S:2187,U,3706,
28S:2188,C,3705,
28S:2189,U,3704,
28S:2190,A,3703,
28S:2191,G,3702,
28S:2192,U,3701,
28S:2193,C,3700,
28S:2194,G,3699,
28S:2195,A,3698,
28S:2196,U,3697,
28S:2197,A,3696,
28S:2198,G,3695,
28S:2199,A,3694,
28S:2200,A,3693,
28S:2201,U,3692,
28S:2202,A,3691,
28S:2203,A,3690,
28S:2204,U,3689,
28S:2205,G,3688,
28S:2206,U,3687,
28S:2207,A,3686,
28S:2208,G,3685,
28S:2209,G,3684,
28S:2210,U,3683,
28S:2211,A,3682,
28S:2212,A,3681,
28S:2213,G,3680,
28S:2214,G,3679,
28S:2215,G,3678,
28S:2216,A,3677,
28S:2217,A,3676,
28S:2218,G,3675,
28S:2219,U,3674,
28S:2220,C,3673,
28S:2221,G,3672,
28S:2222,G,3671,
28S:2223,C,3670,
28S:2224,A,3669,
28S:2225,A,3668,
28S:2226,A,3667,
28S:2227,U,3666,
28S:2228,U,3665,
28S:2229,A,3664,
28S:2230,G,3663,
28S:2231,A,3662,
28S:2232,U,3661,
28S:2233,C,3660,
28S:2234,C,3659,
28S:2235,G,3658,
28S:2236,U,3657,
28S:2237,A,3656,
28S:2238,A,3655,
28S:2239,C,3654,
28S:2240,U,3653,
28S:2241,U,3652,
28S:2242,C,3651,
28S:2243,G,3650,
28S:2244,G,3649,
28S:2245,G,3648,
28S:2246,A,3647,
28S:2247,U,3646,
28S:2248,A,3645,
28S:2249,A,3644,
28S:2250,G,3643,
28S:2251,G,3642,
28S:2252,A,3641,
28S:2253,U,3640,
28S:2254,U,3639,
28S:2255,G,3638,
28S:2256,G,3637,
28S:2257,C,3636,
28S:2258,U,3635,
28S:2259,C,3634,
28S:2260,U,3633,
28S:2261,G,3632,
28S:2262,A,3631,
28S:2263,A,3630,
28S:2264,G,3629,
28S:2265,A,3628,
28S:2266,U,3627,
28S:2267,U,3626,
28S:2268,G,3625,
28S:2269,A,3624,
28S:2270,G,3623,
28S:2271,A,3622,
28S:2272,U,3621,
28S:2273,A,3620,
28S:2274,G,3619,
28S:2275,U,3618,
28S:2276,C,3617,
28S:2277,G,3616,
28S:2278,G,3615,
28S:2279,C,3614,
28S:2280,C,3613,
28S:2281,U,3612,
28S:2282,U,3611,
28S:2283,G,3610,
28S:2284,A,3609,
28S:2285,U,3608,
28S:2286,U,3607,
28S:2287,G,3606,
28S:2288,G,3605,
28S:2289,G,3604,
28S:2290,A,3603,
28S:2291,A,3602,
28S:2292,A,3601,
28S:2293,C,3600,
28S:2294,A,3599,
28S:2295,A,3598,
28S:2296,U,3597,
28S:2297,A,3596,
28S:2298,A,3595,
28S:2299,C,3594,
28S:2300,A,3593,
28S:2301,U,3592,
28S:2302,G,3591,
28S:2303,G,3590,
28S:2304,U,3589,
28S:2305,U,3588,
28S:2306,U,3587,
28S:2307,A,3586,
28S:2308,U,3585,
28S:2309,G,3584,
28S:2310,U,3583,
28S:2311,G,3582,
28S:2312,C,3581,
28S:2313,U,3580,
28S:2314,C,3579,
28S:2315,G,3578,
28S:2316,U,3577,
28S:2317,U,3576,
28S:2318,C,3575,
28S:2319,U,3574,
28S:2320,G,3573,
28S:2321,G,3572,
28S:2322,G,3571,
28S:2323,U,3570,
28S:2324,A,3569,
28S:2325,A,3568,
28S:2326,A,3567,
28S:2327,U,3566,
28S:2328,A,3565,
28S:2329,G,3564,
28S:2330,A,3563,
28S:2331,G,3562,
28S:2332,U,3561,
28S:2333,U,3560,
28S:2334,U,3559,
28S:2335,C,3558,
28S:2336,U,3557,
28S:2337,A,3556,
28S:2338,G,3555,
28S:2339,C,3554,
28S:2340,A,3553,
28S:2341,U,3552,
28S:2342,U,3551,
28S:2343,U,3550,
28S:2344,A,3549,
28S:2345,U,3548,
28S:2346,G,3547,
28S:2347,U,3546,
28S:2348,U,3545,
28S:2349,A,3544,
28S:2350,G,3543,
28S:2351,U,3542,
28S:2352,U,3541,
28S:2353,A,3540,
28S:2354,C,3539,
28S:2355,U,3538,
28S:2356,U,3537,
28S:2357,G,3536,
28S:2358,U,3535,
28S:2359,U,3534,
28S:2360,C,3533,
28S:2361,C,3532,
28S:2362,C,3531,
28S:2363,C,3530,
28S:2364,G,3529,
28S:2365,G,3528,
28S:2366,A,3527,
28S:2367,U,3526,
28S:2368,A,3525,
28S:2369,G,3524,
28S:2370,U,3523,
28S:2371,U,3522,
28S:2372,U,3521,
28S:2373,A,3520,
28S:2374,G,3519,
28S:2375,U,3518,
28S:2376,U,3517,
28S:2377,A,3516,
28S:2378,C,3515,
28S:2379,G,3514,
28S:2380,U,3513,
28S:2381,A,3512,
28S:2382,G,3511,
28S:2383,C,3510,
28S:2384,C,3509,
28S:2385,A,3508,
28S:2386,A,3507,
28S:2387,U,3506,
28S:2388,U,3505,
28S:2389,G,3504,
28S:2390,U,3503,
28S:2391,G,3502,
28S:2392,G,3501,
28S:2393,A,3500,
28S:2394,A,3499,
28S:2395,C,3498,
28S:2396,U,3497,
28S:2397,U,3496,
28S:2398,U,3495,
28S:2399,C,3494,
28S:2400,U,3493,
28S:2401,U,3492,
28S:2402,G,3491,
28S:2403,C,3490,
28S:2404,U,3489,
28S:2405,A,3488,
28S:2406,A,3487,
28S:2407,A,3486,
28S:2408,A,3485,
28S:2409,U,3484,
28S:2410,U,3483,
28S:2411,U,3482,
28S:2412,U,3481,
28S:2413,U,3480,
28S:2414,A,3479,
28S:2415,A,3478,
28S:2416,G,3477,
28S:2417,A,3476,
28S:2418,A,3475,
28S:2419,U,3474,
28S:2420,A,3473,
28S:2421,C,3472,
28S:2422,U,3471,
28S:2423,A,3470,
28S:2424,U,3469,
28S:2425,U,3468,
28S:2426,U,3467,
28S:2427,G,3466,
28S:2428,G,3465,
28S:2429,G,3464,
28S:2430,U,3463,
28S:2431,U,3462,
28S:2432,A,3461,
28S:2433,A,3460,
28S:2434,A,3459,
28S:2435,C,3458,
28S:2436,C,3457,
28S:2437,A,3456,
28S:2438,A,3455,
28S:2439,U,3454,
28S:2440,U,3453,
28S:2441,A,3452,
28S:2442,G,3451,
28S:2443,U,3450,
28S:2444,U,3449,
28S:2445,C,3448,
28S:2446,U,3447,
28S:2447,U,3446,
28S:2448,A,3445,
28S:2449,U,3444,
28S:2450,U,3443,
28S:2451,A,3442,
28S:2452,A,3441,
28S:2453,U,3440,
28S:2454,U,3439,
28S:2455,A,3438,
28S:2456,U,3437,
28S:2457,A,3436,
28S:2458,A,3435,
28S:2459,C,3434,
28S:2460,G,3433,
28S:2461,A,3432,
28S:2462,U,3431,
28S:2463,U,3430,
28S:2464,A,3429,
28S:2465,U,3428,
28S:2466,C,3427,
28S:2467,A,3426,
28S:2468,A,3425,
28S:2469,U,3424,
28S:2470,U,3423,
28S:2471,A,3422,
28S:2472,A,3421,
28S:2473,C,3420,
28S:2474,A,3419,
28S:2475,A,3418,
28S:2476,U,3417,
28S:2477,C,3416,
28S:2478,A,3415,
28S:2479,A,3414,
28S:2480,U,3413,
28S:2481,U,3412,
28S:2482,C,3411,
28S:2483,A,3410,
28S:2484,G,3409,
28S:2485,A,3408,
28S:2486,A,3407,
28S:2487,C,3406,
28S:2488,U,3405,
28S:2489,G,3404,
28S:2490,G,3403,
28S:2491,C,3402,
28S:2492,A,3401,
28S:2493,C,3400,
28S:2494,G,3399,
28S:2495,G,3398,
28S:2496,A,3397,
28S:2497,C,3396,
28S:2498,U,3395,
28S:2499,U,3394,
28S:2500,G,3393,
28S:2501,G,3392,
28S:2502,G,3391,
28S:2503,G,3390,
28S:2504,A,3389,
28S:2505,A,3388,
28S:2506,U,3387,
28S:2507,C,3386,
28S:2508,C,3385,
28S:2509,G,3384,
28S:2510,A,3383,
28S:2511,C,3382,
28S:2512,U,3381,
28S:2513,G,3380,
28S:2514,U,3379,
28S:2515,C,3378,
28S:2516,U,3377,
28S:2517,A,3376,
28S:2518,A,3375,
28S:2519,U,3374,
28S:2520,U,3373,
28S:2521,A,3372,
28S:2522,A,3371,
28S:2523,A,3370,
28S:2524,A,3369,
28S:2525,C,3368,
28S:2526,A,3367,
28S:2527,A,3366,
28S:2528,A,3365,
28S:2529,G,3364,
28S:2530,C,3363,
28S:2531,A,3362,
28S:2532,U,3361,
28S:2533,U,3360,
28S:2534,G,3359,
28S:2535,U,3358,
28S:2536,G,3357,
28S:2537,A,3356,
28S:2538,U,3355,
28S:2539,G,3354,
28S:2540,G,3353,
28S:2541,C,3352,
28S:2542,C,3351,
28S:2543,C,3350,
28S:2544,U,3349,
28S:2545,A,3348,
28S:2546,G,3347,
28S:2547,C,3346,
28S:2548,G,3345,
28S:2549,G,3344,
28S:2550,G,3343,
28S:2551,U,3342,
28S:2552,G,3341,
28S:2553,U,3340,
28S:2554,U,3339,
28S:2555,G,3338,
28S:2556,A,3337,
28S:2557,C,3336,
28S:2558,A,3335,
28S:2559,C,3334,
28S:2560,A,3333,
28S:2561,A,3332,
28S:2562,U,3331,
28S:2563,G,3330,
28S:2564,U,3329,
28S:2565,G,3328,
28S:2566,A,3327,
28S:2567,U,3326,
28S:2568,U,3325,
28S:2569,U,3324,
28S:2570,C,3323,
28S:2571,U,3322,
28S:2572,G,3321,
28S:2573,C,3320,
28S:2574,C,3319,
28S:2575,C,3318,
28S:2576,A,3317,
28S:2577,G,3316,
28S:2578,U,3315,
28S:2579,G,3314,
28S:2580,C,3313,
28S:2581,U,3312,
28S:2582,C,3311,
28S:2583,U,3310,
28S:2584,G,3309,
28S:2585,A,3308,
28S:2586,A,3307,
28S:2587,U,3306,
28S:2588,G,3305,
28S:2589,U,3304,
28S:2590,C,3303,
28S:2591,A,3302,
28S:2592,A,3301,
28S:2593,A,3300,
28S:2594,G,3299,
28S:2595,U,3298,
28S:2596,G,3297,
28S:2597,A,3296,
28S:2598,A,3295,
28S:2599,G,3294,
28S:2600,A,3293,
28S:2601,A,3292,
28S:2602,A,3291,
28S:2603,U,3290,
28S:2604,U,3289,
28S:2605,C,3288,
28S:2606,A,3287,
28S:2607,A,3286,
28S:2608,G,3285,
28S:2609,U,3284,
28S:2610,A,3283,
28S:2611,A,3282,
28S:2612,G,3281,
28S:2613,C,3280,
28S:2614,G,3279,
28S:2615,C,3278,
28S:2616,G,3277,
28S:2617,G,3276,
28S:2618,G,3275,
28S:2619,U,3274,
28S:2620,C,3273,
28S:2621,A,3272,
28S:2622,A,3271,
28S:2623,C,3270,
28S:2624,G,3269,
28S:2625,G,3268,
28S:2626,C,3267,
28S:2627,G,3266,
28S:2628,G,3265,
28S:2629,G,3264,
28S:2630,A,3263,
28S:2631,G,3262,
28S:2632,U,3261,
28S:2633,A,3260,
28S:2634,A,3259,
28S:2635,C,3258,
28S:2636,U,3257,
28S:2637,A,3256,
28S:2638,U,3255,
28S:2639,G,3254,
28S:2640,A,3253,
28S:2641,C,3252,
28S:2642,U,3251,
28S:2643,C,3250,
28S:2644,U,3249,
28S:2645,C,3248,
28S:2646,U,3247,
28S:2647,U,3246,
28S:2648,A,3245,
28S:2649,A,3244,
28S:2650,G,3243,
28S:2651,G,3242,
28S:2652,U,3241,
28S:2653,A,3240,
28S:2654,G,3239,
28S:2655,C,3238,
28S:2656,C,3237,
28S:2657,A,3236,
28S:2658,A,3235,
28S:2659,A,3234,
28S:2660,U,3233,
28S:2661,G,3232,
28S:2662,C,3231,
28S:2663,C,3230,
28S:2664,U,3229,
28S:2665,C,3228,
28S:2666,G,3227,
28S:2667,U,3226,
28S:2668,C,3225,
28S:2669,A,3224,
28S:2670,U,3223,
28S:2671,C,3222,
28S:2672,U,3221,
28S:2673,A,3220,
28S:2674,A,3219,
28S:2675,U,3218,
28S:2676,U,3217,
28S:2677,A,3216,
28S:2678,G,3215,
28S:2679,U,3214,
28S:2680,G,3213,
28S:2681,A,3212,
28S:2682,C,3211,
28S:2683,G,3210,
28S:2684,C,3209,
28S:2685,G,3208,
28S:2686,C,3207,
28S:2687,A,3206,
28S:2688,U,3205,
28S:2689,G,3204,
28S:2690,A,3203,
28S:2691,A,3202,
28S:2692,U,3201,
28S:2693,G,3200,
28S:2694,G,3199,
28S:2695,A,3198,
28S:2696,U,3197,
28S:2697,U,3196,
28S:2698,A,3195,
28S:2699,A,3194,
28S:2700,C,3193,
28S:2701,G,3192,
28S:2702,A,3191,
28S:2703,G,3190,
28S:2704,A,3189,
28S:2705,U,3188,
28S:2706,U,3187,
28S:2707,C,3186,
28S:2708,C,3185,
28S:2709,U,3184,
28S:2710,A,3183,
28S:2711,C,3182,
28S:2712,U,3181,
28S:2713,G,3180,
28S:2714,U,3179,
28S:2715,C,3178,
28S:2716,C,3177,
28S:2717,C,3176,
28S:2718,U,3175,
28S:2719,A,3174,
28S:2720,U,3173,
28S:2721,C,3172,
28S:2722,U,3171,
28S:2723,A,3170,
28S:2724,C,3169,
28S:2725,U,3168,
28S:2726,A,3167,
28S:2727,U,3166,
28S:2728,C,3165,
28S:2729,U,3164,
28S:2730,A,3163,
28S:2731,G,3162,
28S:2732,C,3161,
28S:2733,G,3160,
28S:2734,A,3159,
28S:2735,A,3158,
28S:2736,A,3157,
28S:2737,C,3156,
28S:2738,C,3155,
28S:2739,A,3154,
28S:2740,C,3153,
28S:2741,A,3152,
28S:2742,G,3151,
28S:2743,C,3150,
28S:2744,C,3149,
28S:2745,A,3148,
28S:2746,A,3147,
28S:2747,G,3146,
28S:2748,G,3145,
28S:2749,G,3144,
28S:2750,A,3143,
28S:2751,A,3142,
28S:2752,C,3141,
28S:2753,G,3140,
28S:2754,G,3139,
28S:2755,G,3138,
28S:2756,C,3137,
28S:2757,U,3136,
28S:2758,U,3135,
28S:2759,G,3134,
28S:2760,G,3133,
28S:2761,A,3132,
28S:2762,A,3131,
28S:2763,U,3130,
28S:2764,A,3129,
28S:2765,A,3128,
28S:2766,U,3127,
28S:2767,U,3126,
28S:2768,A,3125,
28S:2769,G,3124,
28S:2770,C,3123,
28S:2771,G,3122,
28S:2772,G,3121,
28S:2773,G,3120,
28S:2774,G,3119,
28S:2775,A,3118,
28S:2776,A,3117,
28S:2777,A,3116,
28S:2778,G,3115,
28S:2779,A,3114,
28S:2780,A,3113,
28S:2781,G,3112,
28S:2782,A,3111,
28S:2783,C,3110,
28S:2784,C,3109,
28S:2785,C,3108,
28S:2786,U,3107,
28S:2787,U,3106,
28S:2788,U,3105,
28S:2789,U,3104,
28S:2790,G,3103,
28S:2791,A,3102,
28S:2792,G,3101,
28S:2793,C,3100,
28S:2794,U,3099,
28S:2795,U,3098,
28S:2796,G,3097,
28S:2797,A,3096,
28S:2798,C,3095,
28S:2799,U,3094,
28S:2800,C,3093,
28S:2801,U,3092,
28S:2802,A,3091,
28S:2803,A,3090,
28S:2804,U,3089,
28S:2805,C,3088,
28S:2806,U,3087,
28S:2807,G,3086,
28S:2808,G,3085,
28S:2809,C,3084,
28S:2810,A,3083,
28S:2811,G,3082,
28S:2812,U,3081,
28S:2813,G,3080,
28S:2814,U,3079,
28S:2815,A,3078,
28S:2816,A,3077,
28S:2817,G,3076,
28S:2818,G,3075,
28S:2819,A,3074,
28S:2820,G,3073,
28S:2821,A,3072,
28S:2822,C,3071,
28S:2823,A,3070,
28S:2824,U,3069,
28S:2825,A,3068,
28S:2826,A,3067,
28S:2827,G,3066,
28S:2828,A,3065,
28S:2829,G,3064,
28S:2830,G,3063,
28S:2831,U,3062,
28S:2832,G,3061,
28S:2833,U,3060,
28S:2834,A,3059,
28S:2835,G,3058,
28S:2836,A,3057,
28S:2837,A,3056,
28S:2838,U,3055,
28S:2839,A,3054,
28S:2840,A,3053,
28S:2841,G,3052,
28S:2842,U,3051,
28S:2843,G,3050,
28S:2844,G,3049,
28S:2845,G,3048,
28S:2846,A,3047,
28S:2847,G,3046,
28S:2848,A,3045,
28S:2849,U,3044,
28S:2850,A,3043,
28S:2851,U,3042,
28S:2852,U,3041,
28S:2853,A,3040,
28S:2854,G,3039,
28S:2855,A,3038,
28S:2856,C,3037,
28S:2857,C,3036,
28S:2858,U,3035,
28S:2859,C,3034,
28S:2860,G,3033,
28S:2861,G,3032,
28S:2862,U,3031,
28S:2863,U,3030,
28S:2864,U,3029,
28S:2865,G,3028,
28S:2866,G,3027,
28S:2867,U,3026,
28S:2868,A,3025,
28S:2869,U,3024,
28S:2870,C,3023,
28S:2871,G,3022,
28S:2872,U,3021,
28S:2873,C,3020,
28S:2874,A,3019,
28S:2875,A,3018,
28S:2876,U,3017,
28S:2877,G,3016,
28S:2878,A,3015,
28S:2879,A,3014,
28S:2880,A,3013,
28S:2881,U,3012,
28S:2882,A,3011,
28S:2883,C,3010,
28S:2884,C,3009,
28S:2885,A,3008,
28S:2886,C,3007,
28S:2887,U,3006,
28S:2888,A,3005,
28S:2889,C,3004,
28S:2890,U,3003,
28S:2891,C,3002,
28S:2892,U,3001,
28S:2893,U,3000,
28S:2894,A,2999,
28S:2895,U,2998,
28S:2896,U,2997,
28S:2897,G,2996,
28S:2898,U,2995,
28S:2899,U,2994,
28S:2900,U,2993,
28S:2901,C,2992,
28S:2902,C,2991,
28S:2903,U,2990,
28S:2904,U,2989,
28S:2905,A,2988,
28S:2906,C,2987,
28S:2907,U,2986,
28S:2908,U,2985,
28S:2909,A,2984,
28S:2910,C,2983,
28S:2911,U,2982,
28S:2912,U,2981,
28S:2913,G,2980,
28S:2914,A,2979,
28S:2915,U,2978,
28S:2916,U,2977,
28S:2917,A,2976,
28S:2918,A,2975,
28S:2919,A,2974,
28S:2920,U,2973,
28S:2921,G,2972,
28S:2922,G,2971,
28S:2923,A,2970,
28S:2924,A,2969,
28S:2925,C,2968,
28S:2926,G,2967,
28S:2927,U,2966,
28S:2928,G,2965,
28S:2929,U,2964,
28S:2930,A,2963,
28S:2931,U,2962,
28S:2932,C,2961,
28S:2933,A,2960,
28S:2934,U,2959,
28S:2935,U,2958,
28S:2936,U,2957,
28S:2937,C,2956,
28S:2938,C,2955,
28S:2939,U,2954,
28S:2940,A,2953,
28S:2941,G,2952,
28S:2942,C,2951,
28S:2943,C,2950,
28S:2944,A,2949,
28S:2945,U,2948,
28S:2946,U,2947,
28S:2947,A,2946,
28S:2948,U,2945,
28S:2949,A,2944,
28S:2950,C,2943,
28S:2951,G,2942,
28S:2952,G,2941,
28S:2953,A,2940,
28S:2954,U,2939,
28S:2955,A,2938,
28S:2956,U,2937,
28S:2957,A,2936,
28S:2958,U,2935,
28S:2959,U,2934,
28S:2960,U,2933,
28S:2961,A,2932,
28S:2962,U,2931,
28S:2963,U,2930,
28S:2964,A,2929,
28S:2965,U,2928,
28S:2966,A,2927,
28S:2967,U,2926,
28S:2968,C,2925,
28S:2969,U,2924,
28S:2970,U,2923,
28S:2971,A,2922,
28S:2972,U,2921,
28S:2973,G,2920,
28S:2974,G,2919,
28S:2975,U,2918,
28S:2976,A,2917,
28S:2977,U,2916,
28S:2978,U,2915,
28S:2979,G,2914,
28S:2980,G,2913,
28S:2981,G,2912,
28S:2982,U,2911,
28S:2983,U,2910,
28S:2984,U,2909,
28S:2985,U,2908,
28S:2986,G,2907,
28S:2987,A,2906,
28S:2988,U,2905,
28S:2989,G,2904,
28S:2990,C,2903,
28S:2991,A,2902,
28S:2992,A,2901,
28S:2993,G,2900,
28S:2994,C,2899,
28S:2995,U,2898,
28S:2996,U,2897,
28S:2997,C,2896,
28S:2998,U,2895,
28S:2999,U,2894,
28S:3000,G,2893,
28S:3001,A,2892,
28S:3002,U,2891,
28S:3003,C,2890,
28S:3004,A,2889,
28S:3005,A,2888,
28S:3006,A,2887,
28S:3007,G,2886,
28S:3008,U,2885,
28S:3009,A,2884,
28S:3010,U,2883,
28S:3011,C,2882,
28S:3012,A,2881,
28S:3013,C,2880,
28S:3014,G,2879,
28S:3015,A,2878,
28S:3016,G,2877,
28S:3017,U,2876,
28S:3018,U,2875,
28S:3019,U,2874,
28S:3020,G,2873,
28S:3021,U,2872,
28S:3022,U,2871,
28S:3023,A,2870,
28S:3024,U,2869,
28S:3025,A,2868,
28S:3026,U,2867,
28S:3027,A,2866,
28S:3028,A,2865,
28S:3029,U,2864,
28S:3030,C,2863,
28S:3031,G,2862,
28S:3032,C,2861,
28S:3033,A,2860,
28S:3034,A,2859,
28S:3035,A,2858,
28S:3036,C,2857,
28S:3037,A,2856,
28S:3038,A,2855,
28S:3039,A,2854,
28S:3040,U,2853,
28S:3041,U,2852,
28S:3042,C,2851,
28S:3043,U,2850,
28S:3044,U,2849,
28S:3045,U,2848,
28S:3046,A,2847,
28S:3047,A,2846,
28S:3048,U,2845,
28S:3049,A,2844,
28S:3050,A,2843,
28S:3051,A,2842,
28S:3052,A,2841,
28S:3053,C,2840,
28S:3054,G,2839,
28S:3055,A,2838,
28S:3056,U,2837,
28S:3057,G,2836,
28S:3058,C,2835,
28S:3059,A,2834,
28S:3060,U,2833,
28S:3061,U,2832,
28S:3062,U,2831,
28S:3063,A,2830,
28S:3064,U,2829,
28S:3065,G,2828,
28S:3066,U,2827,
28S:3067,A,2826,
28S:3068,U,2825,
28S:3069,U,2824,
28S:3070,U,2823,
28S:3071,U,2822,
28S:3072,U,2821,
28S:3073,G,2820,
28S:3074,A,2819,
28S:3075,U,2818,
28S:3076,U,2817,
28S:3077,U,2816,
28S:3078,G,2815,
28S:3079,A,2814,
28S:3080,A,2813,
28S:3081,A,2812,
28S:3082,A,2811,
28S:3083,U,2810,
28S:3084,U,2809,
28S:3085,U,2808,
28S:3086,G,2807,
28S:3087,G,2806,
28S:3088,U,2805,
28S:3089,A,2804,
28S:3090,U,2803,
28S:3091,A,2802,
28S:3092,A,2801,
28S:3093,C,2800,
28S:3094,U,2799,
28S:3095,C,2798,
28S:3096,C,2797,
28S:3097,A,2796,
28S:3098,A,2795,
28S:3099,U,2794,
28S:3100,U,2793,
28S:3101,A,2792,
28S:3102,C,2791,
28S:3103,U,2790,
28S:3104,C,2789,
28S:3105,A,2788,
28S:3106,G,2787,
28S:3107,G,2786,
28S:3108,U,2785,
28S:3109,A,2784,
28S:3110,U,2783,
28S:3111,G,2782,
28S:3112,A,2781,
28S:3113,U,2780,
28S:3114,C,2779,
28S:3115,C,2778,
28S:3116,A,2777,
28S:3117,A,2776,
28S:3118,U,2775,
28S:3119,U,2774,
28S:3120,C,2773,
28S:3121,A,2772,
28S:3122,A,2771,
28S:3123,G,2770,
28S:3124,G,2769,
28S:3125,A,2768,
28S:3126,C,2767,
28S:3127,A,2766,
28S:3128,U,2765,
28S:3129,U,2764,
28S:3130,G,2763,
28S:3131,C,2762,
28S:3132,C,2761,
28S:3133,A,2760,
28S:3134,G,2759,
28S:3135,G,2758,
28S:3136,U,2757,
28S:3137,A,2756,
28S:3138,G,2755,
28S:3139,G,2754,
28S:3140,G,2753,
28S:3141,A,2752,
28S:3142,G,2751,
28S:3143,U,2750,
28S:3144,U,2749,
28S:3145,U,2748,
28S:3146,G,2747,
28S:3147,A,2746,
28S:3148,C,2745,
28S:3149,U,2744,
28S:3150,G,2743,
28S:3151,G,2742,
28S:3152,G,2741,
28S:3153,G,2740,
28S:3154,C,2739,
28S:3155,G,2738,
28S:3156,G,2737,
28S:3157,U,2736,
28S:3158,A,2735,
28S:3159,C,2734,
28S:3160,A,2733,
28S:3161,U,2732,
28S:3162,C,2731,
28S:3163,U,2730,
28S:3164,C,2729,
28S:3165,U,2728,
28S:3166,C,2727,
28S:3167,A,2726,
28S:3168,A,2725,
28S:3169,A,2724,
28S:3170,U,2723,
28S:3171,A,2722,
28S:3172,A,2721,
28S:3173,U,2720,
28S:3174,A,2719,
28S:3175,A,2718,
28S:3176,C,2717,
28S:3177,G,2716,
28S:3178,G,2715,
28S:3179,A,2714,
28S:3180,G,2713,
28S:3181,G,2712,
28S:3182,U,2711,
28S:3183,G,2710,
28S:3184,U,2709,
28S:3185,C,2708,
28S:3186,C,2707,
28S:3187,C,2706,
28S:3188,A,2705,
28S:3189,A,2704,
28S:3190,G,2703,
28S:3191,G,2702,
28S:3192,C,2701,
28S:3193,C,2700,
28S:3194,A,2699,
28S:3195,G,2698,
28S:3196,C,2697,
28S:3197,U,2696,
28S:3198,C,2695,
28S:3199,A,2694,
28S:3200,G,2693,
28S:3201,U,2692,
28S:3202,G,2691,
28S:3203,C,2690,
28S:3204,G,2689,
28S:3205,G,2688,
28S:3206,A,2687,
28S:3207,C,2686,
28S:3208,A,2685,
28S:3209,G,2684,
28S:3210,A,2683,
28S:3211,A,2682,
28S:3212,A,2681,
28S:3213,C,2680,
28S:3214,C,2679,
28S:3215,A,2678,
28S:3216,C,2677,
28S:3217,A,2676,
28S:3218,C,2675,
28S:3219,A,2674,
28S:3220,U,2673,
28S:3221,A,2672,
28S:3222,G,2671,
28S:3223,A,2670,
28S:3224,G,2669,
28S:3225,C,2668,
28S:3226,A,2667,
28S:3227,A,2666,
28S:3228,A,2665,
28S:3229,A,2664,
28S:3230,G,2663,
28S:3231,G,2662,
28S:3232,G,2661,
28S:3233,C,2660,
28S:3234,A,2659,
28S:3235,A,2658,
28S:3236,A,2657,
28S:3237,U,2656,
28S:3238,G,2655,
28S:3239,C,2654,
28S:3240,U,2653,
28S:3241,G,2652,
28S:3242,A,2651,
28S:3243,C,2650,
28S:3244,U,2649,
28S:3245,U,2648,
28S:3246,G,2647,
28S:3247,A,2646,
28S:3248,U,2645,
28S:3249,C,2644,
28S:3250,U,2643,
28S:3251,C,2642,
28S:3252,G,2641,
28S:3253,G,2640,
28S:3254,U,2639,
28S:3255,G,2638,
28S:3256,U,2637,
28S:3257,U,2636,
28S:3258,C,2635,
28S:3259,A,2634,
28S:3260,G,2633,
28S:3261,U,2632,
28S:3262,A,2631,
28S:3263,C,2630,
28S:3264,A,2629,
28S:3265,C,2628,
28S:3266,A,2627,
28S:3267,C,2626,
28S:3268,A,2625,
28S:3269,G,2624,
28S:3270,G,2623,
28S:3271,G,2622,
28S:3272,A,2621,
28S:3273,C,2620,
28S:3274,A,2619,
28S:3275,G,2618,
28S:3276,C,2617,
28S:3277,A,2616,
28S:3278,A,2615,
28S:3279,A,2614,
28S:3280,A,2613,
28S:3281,G,2612,
28S:3282,C,2611,
28S:3283,U,2610,
28S:3284,C,2609,
28S:3285,G,2608,
28S:3286,G,2607,
28S:3287,C,2606,
28S:3288,C,2605,
28S:3289,U,2604,
28S:3290,A,2603,
28S:3291,U,2602,
28S:3292,C,2601,
28S:3293,G,2600,
28S:3294,A,2599,
28S:3295,U,2598,
28S:3296,C,2597,
28S:3297,C,2596,
28S:3298,U,2595,
28S:3299,U,2594,
28S:3300,U,2593,
28S:3301,U,2592,
28S:3302,G,2591,
28S:3303,G,2590,
28S:3304,U,2589,
28S:3305,U,2588,
28S:3306,U,2587,
28S:3307,A,2586,
28S:3308,A,2585,
28S:3309,A,2584,
28S:3310,G,2583,
28S:3311,A,2582,
28S:3312,G,2581,
28S:3313,U,2580,
28S:3314,U,2579,
28S:3315,U,2578,
28S:3316,U,2577,
28S:3317,U,2576,
28S:3318,A,2575,
28S:3319,A,2574,
28S:3320,C,2573,
28S:3321,A,2572,
28S:3322,A,2571,
28S:3323,G,2570,
28S:3324,A,2569,
28S:3325,G,2568,
28S:3326,G,2567,
28S:3327,U,2566,
28S:3328,G,2565,
28S:3329,U,2564,
28S:3330,C,2563,
28S:3331,A,2562,
28S:3332,G,2561,
28S:3333,A,2560,
28S:3334,A,2559,
28S:3335,A,2558,
28S:3336,A,2557,
28S:3337,G,2556,
28S:3338,U,2555,
28S:3339,U,2554,
28S:3340,A,2553,
28S:3341,C,2552,
28S:3342,C,2551,
28S:3343,A,2550,
28S:3344,U,2549,
28S:3345,A,2548,
28S:3346,G,2547,
28S:3347,G,2546,
28S:3348,G,2545,
28S:3349,A,2544,
28S:3350,U,2543,
28S:3351,A,2542,
28S:3352,A,2541,
28S:3353,C,2540,
28S:3354,U,2539,
28S:3355,G,2538,
28S:3356,G,2537,
28S:3357,C,2536,
28S:3358,U,2535,
28S:3359,U,2534,
28S:3360,G,2533,
28S:3361,U,2532,
28S:3362,G,2531,
28S:3363,G,2530,
28S:3364,C,2529,
28S:3365,G,2528,
28S:3366,G,2527,
28S:3367,C,2526,
28S:3368,C,2525,
28S:3369,A,2524,
28S:3370,A,2523,
28S:3371,G,2522,
28S:3372,C,2521,
28S:3373,G,2520,
28S:3374,U,2519,
28S:3375,U,2518,
28S:3376,C,2517,
28S:3377,A,2516,
28S:3378,U,2515,
28S:3379,A,2514,
28S:3380,G,2513,
28S:3381,C,2512,
28S:3382,G,2511,
28S:3383,A,2510,
28S:3384,C,2509,
28S:3385,G,2508,
28S:3386,U,2507,
28S:3387,C,2506,
28S:3388,G,2505,
28S:3389,C,2504,
28S:3390,U,2503,
28S:3391,U,2502,
28S:3392,U,2501,
28S:3393,U,2500,
28S:3394,U,2499,
28S:3395,G,2498,
28S:3396,A,2497,
28S:3397,U,2496,
28S:3398,C,2495,
28S:3399,C,2494,
28S:3400,U,2493,
28S:3401,U,2492,
28S:3402,C,2491,
28S:3403,G,2490,
28S:3404,A,2489,
28S:3405,U,2488,
28S:3406,G,2487,
28S:3407,U,2486,
28S:3408,C,2485,
28S:3409,G,2484,
28S:3410,G,2483,
28S:3411,C,2482,
28S:3412,U,2481,
28S:3413,C,2480,
28S:3414,U,2479,
28S:3415,U,2478,
28S:3416,C,2477,
28S:3417,C,2476,
28S:3418,U,2475,
28S:3419,A,2474,
28S:3420,U,2473,
28S:3421,C,2472,
28S:3422,A,2471,
28S:3423,U,2470,
28S:3424,U,2469,
28S:3425,G,2468,
28S:3426,U,2467,
28S:3427,G,2466,
28S:3428,A,2465,
28S:3429,A,2464,
28S:3430,G,2463,
28S:3431,C,2462,
28S:3432,A,2461,
28S:3433,A,2460,
28S:3434,A,2459,
28S:3435,A,2458,
28S:3436,U,2457,
28S:3437,U,2456,
28S:3438,C,2455,
28S:3439,A,2454,
28S:3440,C,2453,
28S:3441,C,2452,
28S:3442,A,2451,
28S:3443,A,2450,
28S:3444,G,2449,
28S:3445,C,2448,
28S:3446,G,2447,
28S:3447,U,2446,
28S:3448,U,2445,
28S:3449,G,2444,
28S:3450,G,2443,
28S:3451,A,2442,
28S:3452,U,2441,
28S:3453,U,2440,
28S:3454,G,2439,
28S:3455,U,2438,
28S:3456,U,2437,
28S:3457,C,2436,
28S:3458,A,2435,
28S:3459,C,2434,
28S:3460,C,2433,
28S:3461,C,2432,
28S:3462,A,2431,
28S:3463,U,2430,
28S:3464,G,2429,
28S:3465,C,2428,
28S:3466,A,2427,
28S:3467,A,2426,
28S:3468,G,2425,
28S:3469,G,2424,
28S:3470,G,2423,
28S:3471,A,2422,
28S:3472,A,2421,
28S:3473,C,2420,
28S:3474,G,2419,
28S:3475,U,2418,
28S:3476,G,2417,
28S:3477,A,2416,
28S:3478,G,2415,
28S:3479,C,2414,
28S:3480,U,2413,
28S:3481,G,2412,
28S:3482,G,2411,
28S:3483,G,2410,
28S:3484,U,2409,
28S:3485,U,2408,
28S:3486,U,2407,
28S:3487,A,2406,
28S:3488,G,2405,
28S:3489,A,2404,
28S:3490,C,2403,
28S:3491,C,2402,
28S:3492,G,2401,
28S:3493,U,2400,
28S:3494,C,2399,
28S:3495,G,2398,
28S:3496,U,2397,
28S:3497,G,2396,
28S:3498,A,2395,
28S:3499,G,2394,
28S:3500,A,2393,
28S:3501,C,2392,
28S:3502,A,2391,
28S:3503,G,2390,
28S:3504,G,2389,
28S:3505,U,2388,
28S:3506,U,2387,
28S:3507,A,2386,
28S:3508,G,2385,
28S:3509,U,2384,
28S:3510,U,2383,
28S:3511,U,2382,
28S:3512,U,2381,
28S:3513,A,2380,
28S:3514,C,2379,
28S:3515,C,2378,
28S:3516,C,2377,
28S:3517,U,2376,
28S:3518,A,2375,
28S:3519,C,2374,
28S:3520,U,2373,
28S:3521,A,2372,
28S:3522,A,2371,
28S:3523,U,2370,
28S:3524,G,2369,
28S:3525,A,2368,
28S:3526,C,2367,
28S:3527,A,2366,
28S:3528,A,2365,
28S:3529,A,2364,
28S:3530,A,2363,
28S:3531,C,2362,
28S:3532,G,2361,
28S:3533,U,2360,
28S:3534,U,2359,
28S:3535,G,2358,
28S:3536,U,2357,
28S:3537,U,2356,
28S:3538,G,2355,
28S:3539,C,2354,
28S:3540,G,2353,
28S:3541,A,2352,
28S:3542,C,2351,
28S:3543,A,2350,
28S:3544,G,2349,
28S:3545,C,2348,
28S:3546,A,2347,
28S:3547,U,2346,
28S:3548,U,2345,
28S:3549,C,2344,
28S:3550,C,2343,
28S:3551,U,2342,
28S:3552,G,2341,
28S:3553,C,2340,
28S:3554,G,2339,
28S:3555,U,2338,
28S:3556,A,2337,
28S:3557,G,2336,
28S:3558,U,2335,
28S:3559,A,2334,
28S:3560,C,2333,
28S:3561,G,2332,
28S:3562,A,2331,
28S:3563,G,2330,
28S:3564,A,2329,
28S:3565,G,2328,
28S:3566,G,2327,
28S:3567,A,2326,
28S:3568,A,2325,
28S:3569,C,2324,
28S:3570,C,2323,
28S:3571,C,2322,
28S:3572,G,2321,
28S:3573,C,2320,
28S:3574,A,2319,
28S:3575,G,2318,
28S:3576,G,2317,
28S:3577,U,2316,
28S:3578,A,2315,
28S:3579,C,2314,
28S:3580,G,2313,
28S:3581,G,2312,
28S:3582,A,2311,
28S:3583,C,2310,
28S:3584,C,2309,
28S:3585,A,2308,
28S:3586,A,2307,
28S:3587,U,2306,
28S:3588,G,2305,
28S:3589,G,2304,
28S:3590,C,2303,
28S:3591,A,2302,
28S:3592,C,2301,
28S:3593,A,2300,
28S:3594,A,2299,
28S:3595,U,2298,
28S:3596,A,2297,
28S:3597,C,2296,
28S:3598,U,2295,
28S:3599,U,2294,
28S:3600,G,2293,
28S:3601,U,2292,
28S:3602,U,2291,
28S:3603,C,2290,
28S:3604,G,2289,
28S:3605,A,2288,
28S:3606,G,2287,
28S:3607,C,2286,
28S:3608,G,2285,
28S:3609,A,2284,
28S:3610,A,2283,
28S:3611,C,2282,
28S:3612,A,2281,
28S:3613,G,2280,
28S:3614,U,2279,
28S:3615,G,2278,
28S:3616,G,2277,
28S:3617,U,2276,
28S:3618,A,2275,
28S:3619,U,2274,
28S:3620,G,2273,
28S:3621,A,2272,
28S:3622,C,2271,
28S:3623,G,2270,
28S:3624,C,2269,
28S:3625,U,2268,
28S:3626,A,2267,
28S:3627,C,2266,
28S:3628,G,2265,
28S:3629,U,2264,
28S:3630,C,2263,
28S:3631,C,2262,
28S:3632,G,2261,
28S:3633,U,2260,
28S:3634,U,2259,
28S:3635,G,2258,
28S:3636,G,2257,
28S:3637,A,2256,
28S:3638,U,2255,
28S:3639,U,2254,
28S:3640,A,2253,
28S:3641,U,2252,
28S:3642,G,2251,
28S:3643,C,2250,
28S:3644,C,2249,
28S:3645,U,2248,
28S:3646,G,2247,
28S:3647,A,2246,
28S:3648,A,2245,
28S:3649,C,2244,
28S:3650,G,2243,
28S:3651,C,2242,
28S:3652,C,2241,
28S:3653,U,2240,
28S:3654,C,2239,
28S:3655,U,2238,
28S:3656,A,2237,
28S:3657,A,2236,
28S:3658,G,2235,
28S:3659,G,2234,
28S:3660,U,2233,
28S:3661,C,2232,
28S:3662,G,2231,
28S:3663,U,2230,
28S:3664,A,2229,
28S:3665,U,2228,
28S:3666,C,2227,
28S:3667,C,2226,
28S:3668,G,2225,
28S:3669,U,2224,
28S:3670,G,2223,
28S:3671,C,2222,
28S:3672,U,2221,
28S:3673,G,2220,
28S:3674,G,2219,
28S:3675,A,2218,
28S:3676,C,2217,
28S:3677,U,2216,
28S:3678,G,2215,
28S:3679,C,2214,
28S:3680,A,2213,
28S:3681,A,2212,
28S:3682,U,2211,
28S:3683,G,2210,
28S:3684,A,2209,
28S:3685,U,2208,
28S:3686,A,2207,
28S:3687,A,2206,
28S:3688,A,2205,
28S:3689,U,2204,
28S:3690,A,2203,
28S:3691,A,2202,
28S:3692,G,2201,
28S:3693,G,2200,
28S:3694,G,2199,
28S:3695,G,2198,
28S:3696,C,2197,
28S:3697,A,2196,
28S:3698,A,2195,
28S:3699,U,2194,
28S:3700,U,2193,
28S:3701,U,2192,
28S:3702,G,2191,
28S:3703,C,2190,
28S:3704,A,2189,
28S:3705,U,2188,
28S:3706,U,2187,
28S:3707,G,2186,
28S:3708,U,2185,
28S:3709,A,2184,
28S:3710,U,2183,
28S:3711,G,2182,
28S:3712,G,2181,
28S:3713,C,2180,
28S:3714,U,2179,
28S:3715,U,2178,
28S:3716,C,2177,
28S:3717,U,2176,
28S:3718,A,2175,
28S:3719,A,2174,
28S:3720,A,2173,
28S:3721,C,2172,
28S:3722,C,2171,
28S:3723,A,2170,
28S:3724,U,2169,
28S:3725,U,2168,
28S:3726,U,2167,
28S:3727,A,2166,
28S:3728,A,2165,
28S:3729,A,2164,
28S:3730,G,2163,
28S:3731,U,2162,
28S:3732,U,2161,
28S:3733,U,2160,
28S:3734,A,2159,
28S:3735,U,2158,
28S:3736,A,2157,
28S:3737,A,2156,
28S:3738,U,2155,
28S:3739,U,2154,
28S:3740,U,2153,
28S:3741,A,2152,
28S:3742,C,2151,
28S:3743,U,2150,
28S:3744,U,2149,
28S:3745,U,2148,
28S:3746,A,2147,
28S:3747,U,2146,
28S:3748,A,2145,
28S:3749,A,2144,
28S:3750,A,2143,
28S:3751,C,2142,
28S:3752,G,2141,
28S:3753,A,2140,
28S:3754,C,2139,
28S:3755,A,2138,
28S:3756,A,2137,
28S:3757,U,2136,
28S:3758,G,2135,
28S:3759,G,2134,
28S:3760,A,2133,
28S:3761,U,2132,
28S:3762,G,2131,
28S:3763,U,2130,
28S:3764,G,2129,
28S:3765,A,2128,
28S:3766,U,2127,
28S:3767,G,2126,
28S:3768,C,2125,
28S:3769,C,2124,
28S:3770,A,2123,
28S:3771,A,2122,
28S:3772,U,2121,
28S:3773,G,2120,
28S:3774,U,2119,
28S:3775,A,2118,
28S:3776,A,2117,
28S:3777,U,2116,
28S:3778,U,2115,
28S:3779,U,2114,
28S:3780,G,2113,
28S:3781,U,2112,
28S:3782,A,2111,
28S:3783,A,2110,
28S:3784,C,2109,
28S:3785,A,2108,
28S:3786,U,2107,
28S:3787,A,2106,
28S:3788,G,2105,
28S:3789,U,2104,
28S:3790,A,2103,
28S:3791,A,2102,
28S:3792,A,2101,
28S:3793,U,2100,
28S:3794,U,2099,
28S:3795,G,2098,
28S:3796,G,2097,
28S:3797,G,2096,
28S:3798,A,2095,
28S:3799,G,2094,
28S:3800,G,2093,
28S:3801,A,2092,
28S:3802,U,2091,
28S:3803,C,2090,
28S:3804,U,2089,
28S:3805,U,2088,
28S:3806,C,2087,
28S:3807,G,2086,
28S:3808,A,2085,
28S:3809,U,2084,
28S:3810,C,2083,
28S:3811,A,2082,
28S:3812,C,2081,
28S:3813,C,2080,
28S:3814,U,2079,
28S:3815,G,2078,
28S:3816,A,2077,
28S:3817,U,2076,
28S:3818,G,2075,
28S:3819,C,2074,
28S:3820,C,2073,
28S:3821,G,2072,
28S:3822,C,2071,
28S:3823,G,2070,
28S:3824,C,2069,
28S:3825,U,2068,
28S:3826,A,2067,
28S:3827,G,2066,
28S:3828,U,2065,
28S:3829,U,2064,
28S:3830,A,2063,
28S:3831,C,2062,
28S:3832,A,2061,
28S:3833,U,2060,
28S:3834,A,2059,
28S:3835,U,2058,
28S:3836,A,2057,
28S:3837,A,2056,
28S:3838,A,2055,
28S:3839,A,2054,
28S:3840,G,2053,
28S:3841,C,2052,
28S:3842,A,2051,
28S:3843,U,2050,
28S:3844,U,2049,
28S:3845,A,2048,
28S:3846,U,2047,
28S:3847,U,2046,
28S:3848,U,2045,
28S:3849,A,2044,
28S:3850,A,2043,
28S:3851,U,2042,
28S:3852,A,2041,
28S:3853,C,2040,
28S:3854,A,2039,
28S:3855,A,2038,
28S:3856,U,2037,
28S:3857,G,2036,
28S:3858,A,2035,
28S:3859,C,2034,
28S:3860,A,2033,
28S:3861,A,2032,
28S:3862,A,2031,
28S:3863,G,2030,
28S:3864,C,2029,
28S:3865,C,2028,
28S:3866,U,2027,
28S:3867,A,2026,
28S:3868,G,2025,
28S:3869,A,2024,
28S:3870,A,2023,
28S:3871,U,2022,
28S:3872,C,2021,
28S:3873,A,2020,
28S:3874,A,2019,
28S:3875,U,2018,
28S:3876,U,2017,
28S:3877,G,2016,
28S:3878,U,2015,
28S:3879,A,2014,
28S:3880,A,2013,
28S:3881,A,2012,
28S:3882,C,2011,
28S:3883,G,2010,
28S:3884,A,2009,
28S:3885,C,2008,
28S:3886,U,2007,
28S:3887,U,2006,
28S:3888,U,2005,
28S:3889,U,2004,
28S:3890,G,2003,
28S:3891,U,2002,
28S:3892,A,2001,
28S:3893,A,2000,
28S:3894,C,1999,
28S:3895,A,1998,
28S:3896,G,1997,
28S:3897,G,1996,
28S:3898,C,1995,
28S:3899,A,1994,
28S:3900,A,1993,
28S:3901,G,1992,
28S:3902,G,1991,
28S:3903,U,1990,
28S:3904,G,1989,
28S:3905,U,1988,
28S:3906,U,1987,
28S:3907,G,1986,
28S:3908,U,1985,
28S:3909,A,1984,
28S:3910,A,1983,
28S:3911,G,1982,
28S:3912,U,1981,
28S:3913,G,1980,
28S:3914,G,1979,
28S:3915,U,1978,
28S:3916,U,1977,
28S:3917,G,1976,
28S:3918,A,1975,
28S:3919,G,1974,
28S:3920,C,1973,
28S:3921,A,1972,
28S:3922,G,1971,
28S:3923,C,1970,
28S:3924,U,1969,
28S:3925,G,1968,
28S:3926,C,1967,
28S:3927,C,1966,
28S:3928,A,1965,
28S:3929,U,1964,
28S:3930,A,1963,
28S:3931,C,1962,
28S:3932,U,1961,
28S:3933,G,1960,
28S:3934,C,1959,
28S:3935,G,1958,
28S:3936,A,1957,
28S:3937,U,1956,
28S:3938,C,1955,
28S:3939,C,1954,
28S:3940,A,1953,
28S:3941,C,1952,
28S:3942,U,1951,
28S:3943,G,1950,
28S:3944,A,1949,
28S:3945,A,1948,
28S:3946,G,1947,
28S:3947,C,1946,
28S:3948,U,1945,
28S:3949,U,1944,
28S:3950,A,1943,
28S:3951,U,1942,
28S:3952,C,1941,
28S:3953,C,1940,
28S:3954,U,1939,
28S:3955,U,1938,
28S:3956,U,1937,
28S:3957,G,1936,
28S:3958,C,1935,
28S:3959,U,1934,
28S:3960,U,1933,
28S:3961,G,1932,
28S:3962,A,1931,
28S:3963,U,1930,
28S:3964,G,1929,
28S:3965,A,1928,
28S:3966,U,1927,
28S:3967,U,1926,
28S:3968,C,1925,
28S:3969,G,1924,
28S:3970,A,1923,
5S:1,G,1922,
5S:2,C,1921,
5S:3,C,1920,
5S:4,A,1919,
5S:5,A,1918,
5S:6,C,1917,
5S:7,G,1916,
5S:8,A,1915,
5S:9,C,1914,
5S:10,C,1913,
5S:11,A,1912,
5S:12,U,1911,
5S:13,A,1910,
5S:14,C,1909,
5S:15,C,1908,
5S:16,A,1907,
5S:17,C,1906,
5S:18,G,1905,
5S:19,C,1904,
5S:20,U,1903,
5S:21,G,1902,
5S:22,A,1901,
5S:23,A,1900,
5S:24,U,1899,
5S:25,A,1898,
5S:26,C,1897,
5S:27,A,1896,
5S:28,U,1895,
5S:29,C,1894,
5S:30,G,1893,
5S:31,G,1892,
5S:32,U,1891,
5S:33,U,1890,
5S:34,C,1889,
5S:35,U,1888,
5S:36,C,1887,
5S:37,G,1886,
5S:38,U,1885,
5S:39,C,1884,
5S:40,C,1883,
5S:41,G,1882,
5S:42,A,1881,
5S:43,U,1880,
5S:44,C,1879,
5S:45,A,1878,
5S:46,C,1877,
5S:47,C,1876,
5S:48,G,1875,
5S:49,A,1874,
5S:50,A,1873,
5S:51,A,1872,
5S:52,U,1871,
5S:53,U,1870,
5S:54,A,1869,
5S:55,A,1868,
5S:56,G,1867,
5S:57,C,1866,
5S:58,A,1865,
5S:59,G,1864,
5S:60,C,1863,
5S:61,G,1862,
5S:62,U,1861,
5S:63,C,1860,
5S:64,G,1859,
5S:65,C,1858,
5S:66,G,1857,
5S:67,G,1856,
5S:68,G,1855,
5S:69,C,1854,
5S:70,G,1853,
5S:71,G,1852,
5S:72,U,1851,
5S:73,U,1850,
5S:74,A,1849,
5S:75,G,1848,
5S:76,U,1847,
5S:77,A,1846,
5S:78,C,1845,
5S:79,U,1844,
5S:80,U,1843,
5S:81,A,1842,
5S:82,G,1841,
5S:83,A,1840,
5S:84,U,1839,
5S:85,G,1838,
5S:86,G,1837,
5S:87,G,1836,
5S:88,G,1835,
5S:89,G,1834,
5S:90,A,1833,
5S:91,C,1832,
5S:92,C,1831,
5S:93,G,1830,
5S:94,C,1829,
5S:95,U,1828,
5S:96,U,1827,
5S:97,G,1826,
5S:98,G,1825,
5S:99,G,1824,
5S:100,A,1823,
5S:101,A,1822,
5S:102,C,1821,
5S:103,A,1820,
5S:104,C,1819,
5S:105,C,1818,
5S:106,G,1817,
5S:107,C,1816,
5S:108,G,1815,
5S:109,U,1814,
5S:110,G,1813,
5S:111,U,1812,
5S:112,U,1811,
5S:113,G,1810,
5S:114,U,1809,
5S:115,U,1808,
5S:116,G,1807,
5S:117,G,1806,
5S:118,C,1805,
5S:119,C,1804,
5S:120,U,1803,
